Rural Development and Panchayati Raj,https://jktenders.gov.in,7452
Directorate of Local Bodies UP,https://etender.up.nic.in,5985
Department of Local Government,https://eproc.punjab.gov.in,4448
PWD,https://uktenders.gov.in,3623
Zilla Parishad,https://wbtenders.gov.in,3175
Local Self Government Department,https://etenders.kerala.gov.in,3080
Haryana Government,https://etenders.hry.nic.in,3032
Directorate Urban Administration and Development,https://mptenders.gov.in,2639
CE RW I,https://tendersodisha.gov.in,2318
Municipal Bodies,https://tendersodisha.gov.in,1968
Orissa Lift Irrigation Corporation,https://tendersodisha.gov.in,1925
Panchayati Raj Department,https://eproc.rajasthan.gov.in,1843
Director Cum Chief Engineer RED,https://etender.up.nic.in,1774
Delhi Jal Board,https://govtprocurement.delhi.gov.in,1467
PHE,https://wbtenders.gov.in,1415
Pune Municipal Corporation,https://mahatenders.gov.in,1232
Central Coalfields Limited,https://coalindiatenders.nic.in,1202
DLB,https://eproc.rajasthan.gov.in,950
IndianOil,https://iocletenders.nic.in,950
Directorate Of Municipal Administration,https://mahatenders.gov.in,904
Thane Municipal Corporation Thane,https://mahatenders.gov.in,865
Department of Food and Civil Supplies,https://etender.up.nic.in,807
MUNICIPAL AFFAIRS DEPARTMENT,https://wbtenders.gov.in,724
Bharat Coking Coal Limited,https://coalindiatenders.nic.in,700
Public Works Region,https://mahatenders.gov.in,692
"Chief Engineer PWD Azamgarh Zone,Azamgarh",https://etender.up.nic.in,645
PWD - CE AND AS,https://eproc.rajasthan.gov.in,643
"Kanpur Municipal Corporation, Kanpur, UP",https://etender.up.nic.in,629
Chief Engineer Gorakhpur Zone PWD Gorakhpur UP,https://etender.up.nic.in,619
Haryana Board Corporation,https://etenders.hry.nic.in,611
Chief Engineer PWD Varanasi Zone,https://etender.up.nic.in,585
Public Works Department,https://govtprocurement.delhi.gov.in,567
RDD-CEO-PUNE,https://mahatenders.gov.in,554
Kerala Water Authority,https://etenders.kerala.gov.in,514
EIC-CIVIL,https://tendersodisha.gov.in,484
"Chief Engineer PWD Central Zone,Lucknow",https://etender.up.nic.in,473
I and FC,https://jktenders.gov.in,451
Department of MSME And Export Promotion,https://etender.up.nic.in,434
FOREST DEPARTMENT,https://jktenders.gov.in,410
Department of Agriculture,https://eproc.punjab.gov.in,407
DC-PDD,https://jktenders.gov.in,384
"PHED-Chief Engineer(HQ),Jaipur",https://eproc.rajasthan.gov.in,376
Commissioner Rural Development UP,https://etender.up.nic.in,375
Department of Water Resources,https://assamtenders.gov.in,375
Bharat Sanchar Nigam Limited (Govt of India Enterprise),https://etenders.gov.in,351
Forest Department,https://etenders.kerala.gov.in,347
Dakshinanchal Vidyut Vitran Nigam Ltd.,https://etender.up.nic.in,339
DWSD EinC,https://jharkhandtenders.gov.in,339
MD (Drinking Water) Peyjal Nigam GoUK,https://uktenders.gov.in,336
Haffkine Bio Pharamceutical Corporation Ltd. Mumbai,https://mahatenders.gov.in,332
North Delhi Municipal Corporation,https://etenders.gov.in,330
PUBLIC WORKS DEPARTMENT,https://wbtenders.gov.in,327
Chief Engineer Moradabad Zone PWD Moradabad UP,https://etender.up.nic.in,321
Chief Engineer Devipatan (Gonda) Zone PWD Gonda,https://etender.up.nic.in,300
Cheif Engineer Allahabad Zone PWD Allahabad,https://etender.up.nic.in,296
Chief Engineer PWD Faizabad Zone,https://etender.up.nic.in,291
RDD-CEO-NASHIK,https://mahatenders.gov.in,290
New Okla Industrial Development Authority,https://etender.up.nic.in,285
Council of Scientific and Industrial Research,https://etenders.gov.in,282
UDD Secretary,https://jharkhandtenders.gov.in,282
South Delhi Municipal Corporation,https://etenders.gov.in,281
Madhyanchal Vidyut Vitran Nigam Ltd,https://etender.up.nic.in,280
Cheif Engineer Meerut Zone PWD Meerut,https://etender.up.nic.in,272
HAUDD,https://jktenders.gov.in,259
Chief Engineer Agra Zone PWD Agra UP,https://etender.up.nic.in,257
Minor Irrigation Department,https://etender.up.nic.in,253
RDD-CEO-HINGOLI,https://mahatenders.gov.in,251
National Highways Authority of India,https://etenders.gov.in,250
RDD-CEO-YAVATMAL,https://mahatenders.gov.in,245
Public Works Region-Pune,https://mahatenders.gov.in,245
Chief Engineer Electrical Mechanical PWD Lucknow,https://etender.up.nic.in,239
Cheif Engineer Kanpur Zone PWD Kanpur,https://etender.up.nic.in,239
DISTRICT MAGISTRATE COOCH BEHAR,https://wbtenders.gov.in,239
Rural Water Supply and Sanitation,https://tendersodisha.gov.in,238
RDD-CEO-NANDED,https://mahatenders.gov.in,237
Archaeological Survey of India,https://eprocure.gov.in,232
Rural Development Department,https://etenders.kerala.gov.in,228
Delhi Development Authority,https://eprocure.gov.in,226
CE-PWD(B and R),https://eproc.punjab.gov.in,225
RDD-CEO-AMRAVATI,https://mahatenders.gov.in,223
Maharashtra Housing and Area Development Authority,https://mahatenders.gov.in,217
Airports Authority of India,https://etenders.gov.in,216
"CE-BM,LMB Basin,BBSR",https://tendersodisha.gov.in,215
HP Irrigation and Public Health,https://hptenders.gov.in,209
New Delhi Municipal Council,https://govtprocurement.delhi.gov.in,208
Chief Engineer Jhansi Zone PWD Jhansi UP,https://etender.up.nic.in,208
RDD-CEO-JALGAON,https://mahatenders.gov.in,206
HEALTH AND FAMILY WELFARE DEPARTMENT,https://wbtenders.gov.in,206
Malegaon Municipal Corporation Malegaon,https://mahatenders.gov.in,202
"DG,BSF,MHA",https://eprocure.gov.in,202
Eastern Coalfields Limited,https://coalindiatenders.nic.in,200
U P Irrigation Department (Civil),https://etender.up.nic.in,197
"Chief Engineer, PWD (R and B)",https://tripuratenders.gov.in,191
Directorate of Panchayat,https://etenders.kerala.gov.in,191
RDD-CEO-KOLHAPUR,https://mahatenders.gov.in,189
RDD-CEO-SOLAPUR,https://mahatenders.gov.in,187
OPEPA Bhubaneswar,https://tendersodisha.gov.in,186
RDD-CEO-AURANGABAD,https://mahatenders.gov.in,185
South Eastern Coalfields Limited,https://coalindiatenders.nic.in,184
RDD-CEO-SANGLI,https://mahatenders.gov.in,180
IRRIGATION AND WATERWAYS DEPT.,https://wbtenders.gov.in,180
RDD-CEO-AHMEDNAGAR,https://mahatenders.gov.in,174
ST and SC Development Deptt,https://tendersodisha.gov.in,170
Nashik Municipal Corporation,https://mahatenders.gov.in,169
HP State Forest Development Corporation,https://hptenders.gov.in,167
Western Coalfields Limited,https://coalindiatenders.nic.in,166
CGM (Drinking Water) Jal Sansthan,https://uktenders.gov.in,155
Head Of Forest Force Nagpur Maharashtra State,https://mahatenders.gov.in,153
Directorate of Agriculture and Food Production,https://tendersodisha.gov.in,148
Irrigation Department,https://etenders.kerala.gov.in,148
"National Aluminium Company Limited,NALCO",https://eprocure.gov.in,146
Defence Research and Development Organisation,https://eprocure.gov.in,146
RDD-CEO-OSMANABAD,https://mahatenders.gov.in,142
Ministry of Road Transport and Highways,https://eprocure.gov.in,142
"Chief Engineer, PWD (DWS)",https://tripuratenders.gov.in,140
Gorakhpur Development Authority,https://etender.up.nic.in,139
Paschimanchal Vidyut Vitran Nigam Ltd.,https://etender.up.nic.in,139
RDD-CEO-NAGPUR,https://mahatenders.gov.in,138
Water Supply and sanitation,https://eproc.punjab.gov.in,138
Deptt. of Watershed Dev. and Soil Conservation,https://eproc.rajasthan.gov.in,137
Deaprtment of Cooperation,https://eproc.punjab.gov.in,136
RDD-CEO-BULDHANA,https://mahatenders.gov.in,135
"Chief Engineer, Rural Development Department",https://tripuratenders.gov.in,134
Rashtriya Chemicals and Fertilizers Ltd.,https://eprocure.gov.in,133
WATER RESOURCES DEV. DTE.,https://wbtenders.gov.in,132
MD - UPCL,https://uktenders.gov.in,131
Maharashtra State Cooperative Marketing Federation,https://mahatenders.gov.in,128
Chief Engineer Andaman Public Works Department (APWD),https://eprocure.andaman.gov.in,127
Cane Development and Sugar Industry UP,https://etender.up.nic.in,126
Delhi University,https://eprocure.gov.in,125
RWD EinC,https://jharkhandtenders.gov.in,124
Cheif Engineer Bareilly Zone PWD Bareilly,https://etender.up.nic.in,122
Kerala State Electricity Board,https://etenders.kerala.gov.in,122
Medical and Health,https://eproc.rajasthan.gov.in,116
Forest Environment and Climate Change Department,https://tendersodisha.gov.in,115
RDD-CEO-DHULE,https://mahatenders.gov.in,114
RDD-CEO-LATUR,https://mahatenders.gov.in,113
"Er in Chief, Bihar",https://pmgsytenders.gov.in,113
JVVNL - CMD,https://eproc.rajasthan.gov.in,113
East Delhi Municipal Corporation (EDMC),https://etenders.gov.in,111
Chief Engineer (Building),https://etender.up.nic.in,110
PWD- Roads and Bridges,https://mptenders.gov.in,109
UP Power Transmission Corp.Ltd (Operation),https://etender.up.nic.in,108
"PHED - C.E. (Project),Jodhpur",https://eproc.rajasthan.gov.in,106
RMSA,https://jktenders.gov.in,103
ESTATES,https://jktenders.gov.in,103
Public Health Engineering- O/o Engineer In Chief,https://mptenders.gov.in,102
DISTRICT MAGISTRATE PURULIA,https://wbtenders.gov.in,100
Construction and Design Services UP Jal Nigam,https://etender.up.nic.in,99
"Directorate of Geology and Mining, Lucknow",https://etender.up.nic.in,98
Damodar Valley Corporation,https://etenders.gov.in,97
Madhya Pradesh Power Generating Company Limited,https://mptenders.gov.in,97
RDD-CEO-JALNA,https://mahatenders.gov.in,93
Chief Engineer Aligarh Zone PWD Aligarh,https://etender.up.nic.in,93
U.P. State Construction and Infrastructure Development Corporation Ltd.,https://etender.up.nic.in,91
Brihanmumbai Electric Supply and Transport Undertaking,https://mahatenders.gov.in,90
RES - Chief Engineer,https://uktenders.gov.in,88
RDD-CEO-RAIGAD,https://mahatenders.gov.in,87
IRD - Chief Engineer,https://uktenders.gov.in,86
Directorate of Medical Education,https://mptenders.gov.in,86
Vasai Virar City Municipal Corporation,https://mahatenders.gov.in,84
Mahanadi Coalfields Limited,https://coalindiatenders.nic.in,83
RDD-CEO-WASHIM,https://mahatenders.gov.in,83
Department of Agricultural Research and Education,https://eprocure.gov.in,82
Greater Noida Industrial Development Authority,https://etender.up.nic.in,82
WRD - CE AND AS,https://eproc.rajasthan.gov.in,81
Department of Food Civil Supplies and Consumer Affairs,https://eproc.punjab.gov.in,81
Instrumentation Ltd ( Govt of India Enterprise),https://etenders.gov.in,80
Irrigation and Flood Control,https://govtprocurement.delhi.gov.in,78
RRVUN - CMD,https://eproc.rajasthan.gov.in,78
Integrated Defence Staff,https://eprocure.gov.in,78
DGP-JK,https://jktenders.gov.in,78
RDD-CEO-GADCHIROLI,https://mahatenders.gov.in,77
RDD-CEO-PALGHAR,https://mahatenders.gov.in,76
Varanasi Nagar Nigam Varanasi,https://etender.up.nic.in,76
RDD-CEO-SATARA,https://mahatenders.gov.in,75
Pimpri Chinchwad Municipal Corporation,https://mahatenders.gov.in,75
Food Corporation of India,https://eprocure.gov.in,75
Directorate of Health Services,https://mptenders.gov.in,74
RCDF- MD,https://eproc.rajasthan.gov.in,73
The Fertilisers And Chemicals Travancore Ltd.,https://eprocure.gov.in,73
Department of Revenue,https://eprocure.gov.in,73
"Chief Coordinator, PMGSY, Uttarkhand",https://pmgsytenders.gov.in,72
Northern Coalfields Limited,https://coalindiatenders.nic.in,71
RDD-CEO-BEED,https://mahatenders.gov.in,70
THE WEST BENGAL POWER DEVELOPMENT CORPORATION LTD.,https://wbtenders.gov.in,70
Hindustan Copper Limited,https://etenders.gov.in,70
Public Works Department Mantralaya,https://mahatenders.gov.in,68
DISTRICT MAGISTRATE DARJEELING,https://wbtenders.gov.in,68
Engineer-In-Chief-Panchayat Raj - AP,https://pmgsytenders.gov.in,68
WEST BENGAL MEDICAL SERVICES CORPORATION LIMITED,https://wbtenders.gov.in,68
SSA - Rajasthan,https://eproc.rajasthan.gov.in,67
Allahabad Municipal Corporation,https://etender.up.nic.in,66
JSRRDA-CE,https://pmgsytenders.gov.in,65
S.M.S. Medical College-Jaipur,https://eproc.rajasthan.gov.in,65
Municipal Corporation Shimla,https://hptenders.gov.in,64
RDD Special Division,https://jharkhandtenders.gov.in,64
National Fertilizers Limited,https://etenders.gov.in,63
Fisheries Department,https://eproc.rajasthan.gov.in,63
JKSPDC,https://jktenders.gov.in,62
Madhya Pradesh Madhya Kshetra Vidyut Vitaran Company Limited,https://mptenders.gov.in,62
UP Cooperative Bank Ltd.,https://etender.up.nic.in,61
Municipal Corporation Aurangabad,https://mahatenders.gov.in,59
Indian Air Force,https://eprocure.gov.in,58
Harbour Engineering Department,https://etenders.kerala.gov.in,58
CE-Water Resources Dept. Pune,https://mahatenders.gov.in,58
PWD-PIU,https://mptenders.gov.in,57
WRD EinC Major-Med n Minor,https://jharkhandtenders.gov.in,55
J and K State Sports Council,https://jktenders.gov.in,54
MD - Kumaun Mandal Vikas Nigam Ltd. Nainital,https://uktenders.gov.in,53
UIT Kota,https://eproc.rajasthan.gov.in,53
RIICO-Sr. DGM(Tech),https://eproc.rajasthan.gov.in,53
PW(ROADS)(SH),https://wbtenders.gov.in,52
Ground Water Department,https://etenders.kerala.gov.in,52
DIRECTORATE OF FORESTS,https://wbtenders.gov.in,52
Purvanchal Vidyut Vitran Nigam Limited Varanasi,https://etender.up.nic.in,52
Delhi Urban Shelter Improvement Board,https://govtprocurement.delhi.gov.in,51
"DG, Indo-Tibetan Border Police Force",https://eprocure.gov.in,50
Health and Medical Education,https://jktenders.gov.in,50
Heavy Water Board,https://eprocure.gov.in,49
GORKHALAND TERRITORIAL ADMINISTRATION,https://wbtenders.gov.in,49
Meerut Municipal Corporation Meerut UP,https://etender.up.nic.in,49
Kerala State Nirmithi Kendra,https://etenders.kerala.gov.in,49
DIRECTORATE OF RD PRIS and ULBS,https://eprocure.andaman.gov.in,48
"Rajya Krishi Utpadan Mandi Parishad,UP",https://etender.up.nic.in,48
RDD-CEO-RATNAGIRI,https://mahatenders.gov.in,47
Chandigarh Administration,https://etenders.chd.nic.in,47
NHPC Limited,https://eprocure.gov.in,47
"Dir. Gen. Defence Estates,HQ",https://eprocure.gov.in,47
Bhakra Beas Management Board,https://eproc.punjab.gov.in,47
RDD-CEO-CHANDRAPUR,https://mahatenders.gov.in,45
Indian Institute of Technology Kanpur,https://eprocure.gov.in,45
DISTRICT MAGISTRATE PASCHIM MEDINIPUR,https://wbtenders.gov.in,45
RCD EinC,https://jharkhandtenders.gov.in,45
PD (Uttarakhand Workforce Development Project) - World Bank,https://uktenders.gov.in,45
Forest - PCCF (HoFF),https://eproc.rajasthan.gov.in,44
"DG,CRPF,MHA",https://eprocure.gov.in,44
Central Water Commission- DoWR RD and GR,https://eprocure.gov.in,44
DISTRICT MAGISTRATE DAKSHIN DINAJPUR,https://wbtenders.gov.in,44
Directorate of Urban Development,https://hptenders.gov.in,44
Odisha State Agricultural Marketing Board,https://tendersodisha.gov.in,43
"CE-BM,BSB Basin,Laxmiposi",https://tendersodisha.gov.in,43
Department of Rural Development and Panchayats,https://eproc.punjab.gov.in,43
Department of Power,https://eproc.punjab.gov.in,43
Steel Industrials Kerala Ltd,https://etenders.kerala.gov.in,43
Numaligarh Refinery Limited,https://eprocure.gov.in,42
PANCHAYAT AND RURAL DEVELOPMENT,https://wbtenders.gov.in,42
RDD-CEO-NANDURBAR,https://mahatenders.gov.in,42
WEST BENGAL FOREST DEVELOPMENT CORPORATION LTD.,https://wbtenders.gov.in,41
RDD-CEO-THANE,https://mahatenders.gov.in,40
KOLKATA METROPOLITAN DEVELOPMENT AUTHORITY,https://wbtenders.gov.in,40
DISTRICT MAGISTRATE MALDA,https://wbtenders.gov.in,40
HPSEBL,https://hptenders.gov.in,40
WEST BENGAL STATE ELECTRICITY DISTRIBUTION CO. LTD,https://wbtenders.gov.in,39
Jaipur Development Authority,https://eproc.rajasthan.gov.in,39
KSRRDA,https://pmgsytenders.gov.in,39
Kerala Minerals and Metals Ltd,https://etenders.kerala.gov.in,38
World Bank,https://eproc.punjab.gov.in,38
Rajasthan Council of School Education,https://eproc.rajasthan.gov.in,38
"CE,Drainage,Cuttack",https://tendersodisha.gov.in,37
Assam Rifles - MHA,https://eprocure.gov.in,37
Nagpur Municipal Corporation Nagpur,https://mahatenders.gov.in,36
"Member Secretary(WSSD),Mumbai",https://mahatenders.gov.in,36
Chief Electoral Officer Uttarakhand,https://uktenders.gov.in,35
Kerala State Drugs and Pharmaceuticals Ltd,https://etenders.kerala.gov.in,35
Kanpur Electricity Supply Company Limited,https://etender.up.nic.in,35
MP Warehousing and Logistics Corporation,https://mptenders.gov.in,35
Panvel Municipal Corporation,https://mahatenders.gov.in,34
U.P. Co Operative Union Limited,https://etender.up.nic.in,34
Public Works Building and NH Department,https://assamtenders.gov.in,33
Mahanagar Telephone Nigam Limited,https://eprocure.gov.in,33
HLL Lifecare Ltd,https://etenders.kerala.gov.in,33
CE-MRRDA,https://pmgsytenders.gov.in,33
RSRDCC-GM,https://eproc.rajasthan.gov.in,32
Indian Institute of Technology Roorkee,https://eprocure.gov.in,32
Employees State Insurance Corporation,https://eprocure.gov.in,32
Muzaffarnagar Development Authority,https://etender.up.nic.in,32
UIT Udaipur,https://eproc.rajasthan.gov.in,32
UT Administration of Dadra and Nagar Haveli,https://dnhtenders.gov.in,32
MD- UJVN,https://uktenders.gov.in,31
Amravati Municipal Corporation,https://mahatenders.gov.in,31
Madhya Pradesh Poorv Kshetra Vidyut Vitaran Company Limited,https://mptenders.gov.in,31
SUNDARBAN AFFAIRS DEPARTMENT,https://wbtenders.gov.in,31
UIT-BHILWARA- Secretary,https://eproc.rajasthan.gov.in,31
U.P. Housing and Development Board,https://etender.up.nic.in,31
"RNT Medical College, Udaipur",https://eproc.rajasthan.gov.in,31
SE-UPCL Corporate (Contract and Procurement),https://uktenders.gov.in,30
Mira Bhaindar Municipal Corporation,https://mahatenders.gov.in,30
Meja Urja Nigam Pvt Ltd,https://etenders.gov.in,30
Moradabad Development Authority,https://etender.up.nic.in,30
Lucknow Development Authority,https://etender.up.nic.in,30
National Health Mission,https://assamtenders.gov.in,30
Kerala Road Fund Board,https://etenders.kerala.gov.in,29
DISTRICT MAGISTRATE BURDWAN,https://wbtenders.gov.in,29
Energy CEE,https://jharkhandtenders.gov.in,29
Directorate of Town And Country Planning,https://mptenders.gov.in,29
UP Rajya Vidyut Utpadan Nigam Ltd,https://etender.up.nic.in,29
RDD-CEO-PARBHANI,https://mahatenders.gov.in,28
RAJASTHAN MEDICAL EDUCATION SOCIETY,https://eproc.rajasthan.gov.in,28
Tata Memorial Centre,https://eprocure.gov.in,28
Ministry of Shipping,https://eprocure.gov.in,28
Central Agricultural University - Imphal,https://eprocure.gov.in,28
Department of Environment and Forests,https://eprocure.andaman.gov.in,28
MD (Power Transmisison Corporation of Uttarakhand Limited),https://uktenders.gov.in,28
AJMER DEVELOPMENT AUTHORITY,https://eproc.rajasthan.gov.in,28
Uttar Pradesh Rajya Nirman Sahkari Sangh Limited,https://etender.up.nic.in,28
MD Uttarakhand Agriculture Produce Marketing Board Rudrapur,https://uktenders.gov.in,27
Indian Institute of Technology Guwahati,https://eprocure.gov.in,27
Floriculture Department,https://jktenders.gov.in,27
Himachal Pradesh Forest Department,https://hptenders.gov.in,27
ASANSOL DURGAPUR DEVELOPMENT AUTHORITY,https://wbtenders.gov.in,27
Directorate General of Lighthouses and Lightships,https://eprocure.gov.in,27
"PWD,Govt. of Manipur",https://manipurtenders.gov.in,27
Akola Municipal Corporation,https://mahatenders.gov.in,27
Commisioner of Excise,https://tripuratenders.gov.in,27
Director (Social Welfare),https://uktenders.gov.in,27
U.P. Cooperative Federation Limited,https://etender.up.nic.in,27
RSFCSC - CMD,https://eproc.rajasthan.gov.in,26
Telecommunications Consultants India Limited,https://etenders.gov.in,26
WAPCOS Limited,https://etenders.kerala.gov.in,26
Directorate Rural Development and Panchayati Ra,https://hptenders.gov.in,26
"U P Jal Nigam (HQ), Lucknow",https://etender.up.nic.in,26
WB HIDCO LTD,https://wbtenders.gov.in,25
"Inland Waterways Authority of India,MoS",https://eprocure.gov.in,25
Department of Posts,https://eprocure.gov.in,25
Public Works Roads Department,https://assamtenders.gov.in,25
RRVPN - CMD,https://eproc.rajasthan.gov.in,25
National Institute of Technology Tiruchirappalli,https://eprocure.gov.in,25
Bhabha Atomic Research Centre,https://eprocure.gov.in,25
Orissa Community Tank Development and Management Society,https://tendersodisha.gov.in,25
Bodoland Territorial Council-PWD,https://assamtenders.gov.in,25
Engineer-in-Chief - Water Resources Department,https://mptenders.gov.in,25
Jharkhand Police Housing Corporation Ltd,https://jharkhandtenders.gov.in,25
National Institute of Science Education and Research - Odisha,https://eprocure.gov.in,24
Kalyan Dombivli Municipal Corporation,https://mahatenders.gov.in,24
MD - UCDF Ltd. Haldwani,https://uktenders.gov.in,24
"CE-BM, Tel Basin,Bhawanipatna",https://tendersodisha.gov.in,24
CE Small Scale Irrigation (WC) Pune,https://mahatenders.gov.in,24
DISTRICT MAGISTRATE NADIA,https://wbtenders.gov.in,24
U.P. Projects Corporation Ltd.,https://etender.up.nic.in,24
PHEO,https://tendersodisha.gov.in,23
Postgraduate Institute of Medical and Education and Research Chandigarh,https://eprocure.gov.in,23
Kerala Small Industries Development Corporation,https://etenders.kerala.gov.in,23
JSEB,https://jharkhandtenders.gov.in,23
ASH,https://jktenders.gov.in,23
Ghaziabad Development Authority,https://etender.up.nic.in,23
Department of Tourism and Cultural Affairs,https://eproc.punjab.gov.in,23
Kerala Police,https://etenders.kerala.gov.in,23
Daman District,https://ddtenders.gov.in,22
National Project Implementation Unit - World Bank Tenders,https://eprocure.gov.in,22
Maharashtra Natural Gas Ltd.,https://etenders.gov.in,22
Kerala State Electronics Development Corp Ltd,https://etenders.kerala.gov.in,22
"Co-operation, Marketing and Textiles Dept, Mumbai",https://mahatenders.gov.in,22
DEPARTMENT OF SCHOOL EDUCATION,https://wbtenders.gov.in,22
WATCO Bhubaneswar,https://tendersodisha.gov.in,22
Department of Sports,https://eproc.punjab.gov.in,22
Department of Electronics and Information Technology(DeitY),https://eprocure.gov.in,22
DIGHA SANKARPUR DEVELOPMENT AUTHORITY,https://wbtenders.gov.in,22
MP State Agro Industries Corporation Limited,https://mptenders.gov.in,22
Rourkela Municipal Corporation,https://tendersodisha.gov.in,22
Madras Fertilizers Limited,https://eprocure.gov.in,21
Indian Coast Guard,https://eprocure.gov.in,21
"Engineers India Limited,MoPNG",https://eprocure.gov.in,21
Kerala Medical Services Corporation Ltd,https://etenders.kerala.gov.in,21
J and K AGRO,https://jktenders.gov.in,21
CE Maharashtra Rural Road Development Agency Pune- ADB Tenders,https://mahatenders.gov.in,21
BCD EinC,https://jharkhandtenders.gov.in,21
Chief Project Director IDP Solan,https://hptenders.gov.in,21
RDD-CEO-SINDHUDURG,https://mahatenders.gov.in,20
NSIT,https://govtprocurement.delhi.gov.in,20
University of Calicut,https://etenders.kerala.gov.in,20
Plantation Corporation of Kerala Ltd,https://etenders.kerala.gov.in,20
Hindustan Steelworks Construction Limited,https://eprocure.gov.in,20
Directorate of Technical Education,https://etenders.kerala.gov.in,20
DISTRICT MAGISTRATE JHARGRAM,https://wbtenders.gov.in,20
Cochin University of Science and Technology,https://etenders.kerala.gov.in,20
RSAMB,https://eproc.rajasthan.gov.in,20
Director Agriculture,https://tripuratenders.gov.in,20
MP Police,https://mptenders.gov.in,20
MP Forest Department,https://mptenders.gov.in,20
Kerala University,https://etenders.kerala.gov.in,19
Ahmednagar Municipal Corporation,https://mahatenders.gov.in,19
Baddi Barotiwala Nalagarh Development Authority,https://hptenders.gov.in,19
Steel and Industrial Forgings Ltd,https://etenders.kerala.gov.in,19
Kerala Veterinary and Animal Sciences University,https://etenders.kerala.gov.in,19
City and Industrial Development Corporation of Maharashtra Ltd,https://mahatenders.gov.in,19
Chief Engineer PWD (WR),https://tripuratenders.gov.in,19
MP State Cooperative Dairy Federation,https://mptenders.gov.in,19
CHILD DEVELOPMENT DEPARTMENT AND WD AND SW DEPT,https://wbtenders.gov.in,19
U.P. State Road Transport Corporation,https://etender.up.nic.in,19
WEST BENGAL STATE POLICE HOUSING CO. LTD.,https://wbtenders.gov.in,18
Jodhpur Development Authority,https://eproc.rajasthan.gov.in,18
RITES Ltd.,https://etenders.gov.in,18
Kerala Co-operative Milk Marketing Federation Ltd,https://etenders.kerala.gov.in,18
JKSFC,https://jktenders.gov.in,18
UIT- Bharatpur,https://eproc.rajasthan.gov.in,18
SHRI SANWALIAJI MANDIR MANDAL,https://eproc.rajasthan.gov.in,18
UP STATE BRIDGE CORPORATION LIMITED,https://etender.up.nic.in,18
National Council of Science Museums,https://eprocure.gov.in,17
"DG,National Security Guard,MHA",https://eprocure.gov.in,17
IRCON International Limited,https://etenders.gov.in,17
Madhya Pradesh Paschim Kshetra Vidyut Vitran Company Ltd,https://mptenders.gov.in,17
Solapur Municipal Corporation,https://mahatenders.gov.in,16
Agra Development Authority,https://etender.up.nic.in,16
Director-Indian Institute of Technology(IIT Delhi),https://eprocure.gov.in,16
Department of Housing and Urban Development,https://eproc.punjab.gov.in,16
CE (Mechanical) Water Resource Department Nashik,https://mahatenders.gov.in,16
HALDIA DEVELOPMENT AUTHORITY,https://wbtenders.gov.in,16
Directorate of General Education,https://etenders.kerala.gov.in,16
National Institute of Plant Genome Research,https://eprocure.gov.in,16
Forest Development Corporation of Maharashtra Ltd. Nagpur,https://mahatenders.gov.in,16
Dr. Ram Manohar Lohia Hospital,https://eprocure.gov.in,16
NTECL,https://etenders.gov.in,16
"Directorate of Health Services, Mumbai",https://mahatenders.gov.in,16
DEPARTMENT OF FOOD AND SUPPLIES,https://wbtenders.gov.in,16
Vegetable and Fruit Promotion Council Keralam,https://etenders.kerala.gov.in,16
Yamuna Expressway Industrial Development Authority,https://etender.up.nic.in,16
Port Blair Municipal Council,https://eprocure.andaman.gov.in,15
Mayor- Agartala Municipal Corporation,https://tripuratenders.gov.in,15
Nanded Waghala City Municipal Corporation Nanded,https://mahatenders.gov.in,15
Sports Authority of India,https://eprocure.gov.in,15
"CE,Minor Irrigation,BBSR",https://tendersodisha.gov.in,15
"CE-BM,RVN Basin,Berhampur",https://tendersodisha.gov.in,15
Directorate Sports and Youth Welfare,https://mptenders.gov.in,15
Bhiwandi Nizampur City Municipal Corporation,https://mahatenders.gov.in,15
Bharat Sanchar Nigam Limited,https://eprocure.gov.in,15
Cochin Shipyard Limited,https://etenders.gov.in,15
Rajasthan Housing Board - CE,https://eproc.rajasthan.gov.in,15
MHFW - DG (Medical Health),https://uktenders.gov.in,15
Tezpur University,https://eprocure.gov.in,15
Director Odia Language Literature and Culture,https://tendersodisha.gov.in,15
Nuclear Recycle Board,https://eprocure.gov.in,15
Kerala Police Housing and Construction Corp. Ltd.,https://etenders.kerala.gov.in,15
CE and BM Brahmani Basin Samal,https://tendersodisha.gov.in,15
MP Power Transmission Co. Ltd.,https://mptenders.gov.in,15
MP Police Housing and Infrastructure Development Corporation Ltd,https://mptenders.gov.in,15
Travancore Devaswom Board,https://etenders.kerala.gov.in,15
RDD-CEO-AKOLA,https://mahatenders.gov.in,14
National Highways and Infrastructure Development Corporation,https://eprocure.gov.in,14
Indian Institute of Science Education and Research - Kolkata,https://eprocure.gov.in,14
"Commissioner of Tribal Development, Nashik",https://mahatenders.gov.in,14
RAJASTHAN POLICE - DGP,https://eproc.rajasthan.gov.in,14
TECHNICAL EDUCATION AND TRAINING DEPARTMENT,https://wbtenders.gov.in,14
Jawaharlal Nehru Port Trust,https://eprocure.gov.in,14
Department of Health and Family Welfare,https://eproc.punjab.gov.in,14
Kerala State Coastal Area Development Corporation,https://etenders.kerala.gov.in,14
Kerala Electrical and Allied Engineering Co. Ltd,https://etenders.kerala.gov.in,14
Delhi Metro Rail Corporation Limited,https://eprocure.gov.in,14
Central Medical Services Society,https://eprocure.gov.in,14
Puducherry SRRDA,https://pmgsytenders.gov.in,14
HP SIDC Limited,https://hptenders.gov.in,14
UIT -Alwar-Secretary,https://eproc.rajasthan.gov.in,14
MP State Civil Supplies Corporation Limited,https://mptenders.gov.in,14
Maharashtra State Excise Department,https://mahatenders.gov.in,14
UP STATE INDUSTRIAL DEVELOPMENT CORPORATION,https://etender.up.nic.in,14
Director - Directorate of Secondary Education,https://tripuratenders.gov.in,13
Parbhani City Municipal Corporation,https://mahatenders.gov.in,13
"URBAN DEVELOPMENT DEPARTMENT, SALT LAKE PROJECT",https://wbtenders.gov.in,13
THE DURGAPUR PROJECTS LIMITED,https://wbtenders.gov.in,13
IDCO,https://tendersodisha.gov.in,13
Department of Higher Education,https://eproc.punjab.gov.in,13
Delhi Milk Scheme,https://eprocure.gov.in,13
Andaman Lakshadweep Harbour Works,https://eprocure.gov.in,13
ANIMAL RESOURCES DEVELOPMENT DEPARTMENT,https://wbtenders.gov.in,13
O/o Principal Chief Conservator and Wildlife,https://etender.up.nic.in,13
Orissa State Police Housing and Welfare Corporation Ltd,https://tendersodisha.gov.in,13
Dy. Conservator of Forests(West),https://govtprocurement.delhi.gov.in,13
Transformers and Electricals Kerala Ltd.,https://etenders.kerala.gov.in,13
S. V. National Institute of Technology-Surat,https://eprocure.gov.in,13
Institute of Plasma Research,https://eprocure.gov.in,13
Kerala State Construction Corporation Ltd,https://etenders.kerala.gov.in,13
Central Electronics Limited,https://etenders.gov.in,13
Madhya Pradesh Rural Road Development Authority,https://mptenders.gov.in,13
RDD-CEO-WARDHA,https://mahatenders.gov.in,13
Uttar Pradesh Power Corporation Ltd.,https://etender.up.nic.in,13
UP Rajkiya Nirman Nigam Ltd,https://etender.up.nic.in,13
Visakhapatnam Port Trust,https://etenders.gov.in,12
Indian Institute of Science Education and Research - Tirupati,https://eprocure.gov.in,12
"DG Sashastra Seema Bal,MHA",https://eprocure.gov.in,12
Department of Medical Education and Research,https://eproc.punjab.gov.in,12
NHDC Ltd.,https://eprocure.gov.in,12
Kerala State Housing Board,https://etenders.kerala.gov.in,12
Department of Pharmaceuticals,https://eprocure.gov.in,12
HLL Lifecare Limited,https://etenders.gov.in,12
Industries and Commerce Department,https://assamtenders.gov.in,12
UIT Bikaner,https://eproc.rajasthan.gov.in,12
DIRECTORATE OF AGRICULTURE,https://wbtenders.gov.in,12
DEPARTMENT OF HIGHER EDUCATION,https://wbtenders.gov.in,12
Lakshadweep District,https://tendersutl.gov.in,12
CE Water Resources Department Aurangabad,https://mahatenders.gov.in,12
Rural Engineering Service,https://mptenders.gov.in,12
Department of Industries and Commerce,https://eproc.punjab.gov.in,12
Rajasthan Urban Drinking Water Sewerage and Infrastructure Corp. Ltd. (RUDSICO),https://eproc.rajasthan.gov.in,12
Delhi Transport Infrastructure Devlopment Corp Ltd,https://govtprocurement.delhi.gov.in,11
Mumbai Port Trust,https://eprocure.gov.in,11
Jalgaon City Municipal Corporation Jalgaon,https://mahatenders.gov.in,11
Indian Institute of Technology(BHU) Varanasi,https://eprocure.gov.in,11
Department of Agriculture and Cooperation,https://eprocure.gov.in,11
PMGSY Jammu and CE PW (R and B) Jammu,https://pmgsytenders.gov.in,11
Meerut Development Authority,https://etender.up.nic.in,11
Director General Medical Education and Training HQ,https://etender.up.nic.in,11
Deptt of Technical Education and Industrial training,https://eproc.punjab.gov.in,11
Vice Chairman Haridwar-Roorkee Development Authority Haridwar,https://uktenders.gov.in,11
Director (Urban Development Department),https://tripuratenders.gov.in,11
Rajasthan Electronics and Instruments Limited,https://eprocure.gov.in,11
Kerala State Industrial Enterprises Ltd,https://etenders.kerala.gov.in,11
Development Commissioner(MSME),https://eprocure.gov.in,11
Axom Sarba Siksha Abhijan Mission,https://assamtenders.gov.in,11
All India Institute of Medical Sciences-Rishikesh,https://eprocure.gov.in,11
MP State Coperative Marketing Federation Ltd.,https://mptenders.gov.in,11
Madhya Pradesh Public Health Services Corporation Ltd.,https://mptenders.gov.in,11
COLLECTOR AHMEDNAGAR,https://mahatenders.gov.in,11
Director General of Prisons and Correctional Services,https://mptenders.gov.in,11
H(P and M),https://jktenders.gov.in,11
Welfare of Plain Tribes and Backward Classes,https://assamtenders.gov.in,11
Department of Forests and Wildlife Preservation,https://eproc.punjab.gov.in,11
Directorate of Soil Survey and Soil conservation,https://etenders.kerala.gov.in,11
Orissa Power Transmission Corporation Ltd,https://tendersodisha.gov.in,11
U P Irrigation Department (Mechanical),https://etender.up.nic.in,11
WEST BENGAL STATE MARKETING BOARD,https://wbtenders.gov.in,10
Nuclear Fuel Complex,https://eprocure.gov.in,10
National Institute of Technology Rourkela,https://eprocure.gov.in,10
"MD, RISL",https://eproc.rajasthan.gov.in,10
Indian Institute of Technology Kharagpur,https://eprocure.gov.in,10
NEW TOWN KOLKATA DEVELOPMENT AUTHORITY,https://wbtenders.gov.in,10
GAIL (India) Limited,https://etenders.gov.in,10
Keltron Component Complex Ltd,https://etenders.kerala.gov.in,10
Chennai Port Trust,https://eprocure.gov.in,10
Guruvayur Devaswom,https://etenders.kerala.gov.in,10
Directorate of Animal Husbandry,https://etenders.kerala.gov.in,10
Assam Power Distribution Company Ltd,https://assamtenders.gov.in,10
Jhansi Development Authority Jhansi,https://etender.up.nic.in,10
Orissa Mining Corporation,https://tendersodisha.gov.in,10
"Dr. S.N.Medical College, Jodhpur",https://eproc.rajasthan.gov.in,10
Inter-University Centre for Astronomy and Astrophysics,https://eprocure.gov.in,10
Geological Survey of India,https://eprocure.gov.in,10
Artificial Limbs Manufacturing Corporation of India,https://eprocure.gov.in,10
Department of Industrial Training,https://etenders.kerala.gov.in,10
Orissa Bridge and Construction Corporation Ltd,https://tendersodisha.gov.in,10
CE (Electrical) Hydro Electric Projects Mumbai,https://mahatenders.gov.in,10
Automotive Research Association of India,https://eprocure.gov.in,10
Jaipur Zila Dugdh Utpadak Sahakari Sangh Ltd.,https://eproc.rajasthan.gov.in,10
WEST BENGAL STATE WAREHOUSING CORPORATION,https://wbtenders.gov.in,10
LABOUR DEPARTMENT,https://wbtenders.gov.in,10
CE and CA CADA Aurangabad,https://mahatenders.gov.in,10
MD - GMVN,https://uktenders.gov.in,10
"CE, U Indravati Irr.Project,Khatiguda",https://tendersodisha.gov.in,10
"Director General Of Police, Mumbai",https://mahatenders.gov.in,9
Chennai Metro Rail Limited,https://eprocure.gov.in,9
Directorate of Medical Education and Research,https://hptenders.gov.in,9
National Agricultural Cooperative Marketing Federation of India Ltd,https://etender.up.nic.in,9
King George Medical University,https://etender.up.nic.in,9
Director General Medical Health,https://etender.up.nic.in,9
IPGCL-PPCL,https://govtprocurement.delhi.gov.in,9
RSMML,https://eproc.rajasthan.gov.in,9
Jodhpur VVNL - MD,https://eproc.rajasthan.gov.in,9
Maharashtra Airport Development Co. Ltd.,https://mahatenders.gov.in,9
National Institute of Ayurveda,https://eprocure.gov.in,9
Uranium Corporation of India Limited,https://etenders.gov.in,9
DG-PRISONS,https://jktenders.gov.in,9
Aravali Power Company Pvt. Ltd - IGSTPP,https://etenders.gov.in,9
WEST BENGAL TOURISM DEVELOPMENT CORPORATION LTD,https://wbtenders.gov.in,9
PMS District Hospital Almora,https://uktenders.gov.in,9
Chenab Valley Power Projects (P) Ltd,https://eprocure.gov.in,9
Health and Family Welfare Department,https://assamtenders.gov.in,9
Indian Institute of Technology Gandhinagar,https://eprocure.gov.in,9
Bareilly Development Authority,https://etender.up.nic.in,9
Narmada Valley Development Authority,https://mptenders.gov.in,9
Directorate of Forensic Science Laboratories Mumbai,https://mahatenders.gov.in,9
Babasaheb Bhimrao Ambedkar University - Lucknow,https://eprocure.gov.in,9
WEBEL,https://wbtenders.gov.in,8
New Mangalore Port Trust,https://eprocure.gov.in,8
INDIAN INSTITUTE OF MANAGEMENT CALCUTTA,https://eprocure.gov.in,8
Indian Council of Forestry Research and Education,https://eprocure.gov.in,8
"Directorate of Sports and Youth Services,Pune",https://mahatenders.gov.in,8
Banaras Hindu University,https://eprocure.gov.in,8
All India Institute of Medical Sciences-Raipur,https://eprocure.gov.in,8
Travancore Titanium Products Ltd,https://etenders.kerala.gov.in,8
Maharashtra State Road Transport Corporation,https://mahatenders.gov.in,8
THDC India Limited,https://eprocure.gov.in,8
Malabar Cements Ltd,https://etenders.kerala.gov.in,8
Indian Institute of Technology Tirupati,https://eprocure.gov.in,8
Indian Institute of Technology Bhilai,https://eprocure.gov.in,8
Directorate of Construction Services and Estate Management,https://eprocure.gov.in,8
National Projects Construction Corporation Limited,https://etenders.gov.in,8
CE-Water Resources Dept. Amravati,https://mahatenders.gov.in,8
CE Tapi Irrigation Development Corporation Jalgaon,https://mahatenders.gov.in,8
India Tourism Development Corporation Ltd.,https://etenders.gov.in,8
kerala Agro Machinery Corporation Limited,https://etenders.kerala.gov.in,8
HLL Infra Tech Services Ltd,https://etenders.kerala.gov.in,8
Directorate of Agriculture Marketing-Jaipur,https://eproc.rajasthan.gov.in,8
Ajmer VVNL - MD,https://eproc.rajasthan.gov.in,8
KOLKATA POLICE,https://wbtenders.gov.in,8
Director General (Police),https://uktenders.gov.in,8
Dairy Development Dept.,https://mahatenders.gov.in,8
Directorate of Printing,https://etenders.kerala.gov.in,8
Principal - Government Medical College Haldwani,https://uktenders.gov.in,8
National Institute of Technology Hamirpur,https://eprocure.gov.in,8
Sangli Miraj Kupwad Municipal Corporation,https://mahatenders.gov.in,8
Department of Local Administration,https://pudutenders.gov.in,8
Principal - Government Doon Medical College Dehradun,https://uktenders.gov.in,8
U.P. State Sugar Corporation Ltd.,https://etender.up.nic.in,8
Executive Officer Nagar Palika Parishad Manglaur,https://uktenders.gov.in,8
Pune Metropolitan Regional Development Authority Pune,https://mahatenders.gov.in,7
Odisha State Medical Corporation Ltd,https://tendersodisha.gov.in,7
Odisha Hydro Power Corporation Ltd,https://tendersodisha.gov.in,7
Indian Institute of Science Education and Research - Thiruvananthapuram,https://eprocure.gov.in,7
"Directorate Of Industries,Mumbai",https://mahatenders.gov.in,7
UPRRDA,https://pmgsytenders.gov.in,7
All India Institute of Medical Science-New Delhi,https://eprocure.gov.in,7
Greater Sharda Sahayak Command Area Development Authority,https://etender.up.nic.in,7
Dr. Ram Manohar Lohia Institute of Medical Sciences,https://etender.up.nic.in,7
Vasundhara Watershed Development Agency Pune,https://mahatenders.gov.in,7
DSIIDC,https://govtprocurement.delhi.gov.in,7
Electricity Department,https://pudutenders.gov.in,7
Vice Chairman Mussoorie Dehradun Development Authority Dehradun,https://uktenders.gov.in,7
PW(ROADS)(NH),https://wbtenders.gov.in,7
Indian Institute of Technology Mandi,https://eprocure.gov.in,7
V.O.Chidambaranar Port Trust,https://etenders.gov.in,7
CE(SP)-Water Resources Dept. Amravati,https://mahatenders.gov.in,7
Delhi Police Housing Corporation Ltd,https://etenders.gov.in,7
Border Roads Organisation,https://eprocure.gov.in,7
Directorate of Social Justice,https://etenders.kerala.gov.in,7
Directorate of Archaeology,https://etenders.kerala.gov.in,7
Birsa Agricultural University,https://jharkhandtenders.gov.in,7
AGRICULTURE PRODUCTION DEPARTMENT,https://jktenders.gov.in,7
DTTDC,https://govtprocurement.delhi.gov.in,7
Diu District,https://ddtenders.gov.in,7
Odisha State Civil Supplies Corp. Ltd.,https://tendersodisha.gov.in,7
RAJUVAS - Bikaner,https://eproc.rajasthan.gov.in,7
Public Asset Management Department-PAM,https://mptenders.gov.in,7
ONGC Mangalore Petrochemicals Limited(OMPL),https://etenders.gov.in,7
"J.L.N. Medical College, Ajmer",https://eproc.rajasthan.gov.in,7
National Institute of Technology Calicut,https://eprocure.gov.in,7
BHIWADI INTEGRATED DEVELOPMENT AUTHORITY,https://eproc.rajasthan.gov.in,7
Director Medical Education and Research Department Mumbai,https://mahatenders.gov.in,7
MP State Agricultural Marketing Board,https://mptenders.gov.in,7
UP Power Transmission Corp.Ltd (Works and Projects)),https://etender.up.nic.in,7
MD (Uttarakhand Sahakari Chini Mills Sangh Ltd.),https://uktenders.gov.in,6
MD - Transport,https://uktenders.gov.in,6
Director of Health Services,https://tripuratenders.gov.in,6
Variable Energy Cyclotron Centre,https://eprocure.gov.in,6
The Braithwaite Burn and Jessop Construction Co. Ltd,https://eprocure.gov.in,6
National Institute of Fashion Technology,https://eprocure.gov.in,6
Indian Institute of Technology Indore,https://eprocure.gov.in,6
"Director Groundwater Surveys and Devl.Agency, Pune",https://mahatenders.gov.in,6
KOLKATA MUNICIPAL CORPORATION,https://wbtenders.gov.in,6
HOUSING DIRECTORATE,https://wbtenders.gov.in,6
Central Board of Secondary Education,https://eprocure.gov.in,6
Directorate of Ayurveda Medical Education,https://etenders.kerala.gov.in,6
Department of Punjab Energy Development Agency,https://eproc.punjab.gov.in,6
Institute of Liver and Biliary Sciences,https://govtprocurement.delhi.gov.in,6
RIDCOR Ltd.,https://eproc.rajasthan.gov.in,6
"PHED-Chief Engineer(SP and EAP), Jaipur",https://eproc.rajasthan.gov.in,6
Bundelkhand University - Jhansi,https://etender.up.nic.in,6
Regional Cancer Centre,https://etenders.kerala.gov.in,6
State Health and Family Welfare Society,https://tripuratenders.gov.in,6
Regional Centre for Urban and Environmental Studies-Lucknow,https://eprocure.gov.in,6
PWD(ELECTRICAL),https://wbtenders.gov.in,6
Mahatma Gandhi University,https://etenders.kerala.gov.in,6
Indian Institute of Technology Patna,https://eprocure.gov.in,6
Board Of Secondary Education Rajasthan- Ajmer,https://eproc.rajasthan.gov.in,6
Indian Institute of Science Education and Research - Pune,https://eprocure.gov.in,6
Dr.B.R.Ambedkar National Institute of Technology-Jalandhar,https://eprocure.gov.in,6
Kerala Irrigation Infra Devlp Corp Ltd,https://etenders.kerala.gov.in,6
Indian Institute of Information Technology and Management-Kerala (IIITM-K),https://etenders.kerala.gov.in,6
Directorate of Urban Affairs,https://etenders.kerala.gov.in,6
Bridge and Roof Company (India) Limited,https://eprocure.gov.in,6
Atomic Minerals Directorate for Exploration and Research,https://eprocure.gov.in,6
Jharkhand State Building Construction Corporation Limited,https://jharkhandtenders.gov.in,6
All India Institute of Medical Sciences-Patna,https://eprocure.gov.in,6
Maharashtra State Road Development Corporation,https://mahatenders.gov.in,6
DHARAMSHALA SMART CITY LIMITED,https://hptenders.gov.in,6
Municipal Commissioner Nagar Nigam Dehradun,https://uktenders.gov.in,6
Director (UREDA),https://uktenders.gov.in,6
Odisha University of Agriculture and Technology,https://tendersodisha.gov.in,6
National Institute of Technology Srinagar,https://eprocure.gov.in,6
Commissioner of Animal Husbandry Pune,https://mahatenders.gov.in,6
Chandrapur Municipal Corporation,https://mahatenders.gov.in,6
CE (WRD) North Maharashtra Region Nashik,https://mahatenders.gov.in,6
District Collectorate,https://mptenders.gov.in,6
Ministry of Mines,https://eprocure.gov.in,6
Centralised Cotton Purchase Committee,https://etenders.kerala.gov.in,6
Agriculture,https://pmgsytenders.gov.in,6
UP Development Systems Corporation Ltd,https://etender.up.nic.in,6
Saharanpur Municipal Corporation Saharanpur UP,https://etender.up.nic.in,6
Rajkiya Ayurvigyan Sansthan Greater Noida,https://etender.up.nic.in,6
Moradabad Smart City Limited,https://etender.up.nic.in,6
Inland Waterways Authority of India-World Bank Tenders,https://eprocure.gov.in,6
UIT- CHITTORGARH,https://eproc.rajasthan.gov.in,6
Delhi Agricultural Marketing Board,https://govtprocurement.delhi.gov.in,5
Social Justice and Empowerment Deptt.(RREIS),https://eproc.rajasthan.gov.in,5
ODISHA CONSTRUCTION CORPORATION LTD,https://tendersodisha.gov.in,5
WEST BENGAL ZOO AUTHORITY,https://wbtenders.gov.in,5
WB AGRO INDUSTRIES CORP.,https://wbtenders.gov.in,5
Indian Institute of Technology Madras,https://etenders.gov.in,5
Urban Development Department,https://assamtenders.gov.in,5
Dr. Yashwant Singh Parmar University of Horticulture and Forestry,https://hptenders.gov.in,5
AAI Cargo Logistics and Allied Services Company Ltd,https://etenders.gov.in,5
Office of The Director Ground Water Department,https://etender.up.nic.in,5
Directorate of Tourism,https://etender.up.nic.in,5
University of Mumbai,https://mahatenders.gov.in,5
Pune Smart City Development Corporation Limited Pune,https://mahatenders.gov.in,5
Nagpur Metropolitan Region Development Authority,https://mahatenders.gov.in,5
MD - BRIDCUL,https://uktenders.gov.in,5
WEST BENGAL STATE FISHERMENS COOP. FED. LTD.,https://wbtenders.gov.in,5
WB TRANSPORT INFRASTRUCTURE DEV. CORP. LTD.,https://wbtenders.gov.in,5
"Govt. Medical College, Kota",https://eproc.rajasthan.gov.in,5
Hindustan Urvarak and Rasayan Limited,https://eprocure.gov.in,5
Dhule Municipal Corporation Dhule,https://mahatenders.gov.in,5
"Directorate General Health Services,MHFW",https://eprocure.gov.in,5
Department of Heavy Industry,https://eprocure.gov.in,5
"Department of Animal Husbandry, Dairying and Fisheries",https://eprocure.gov.in,5
Manipur Police Housing Corporation Ltd,https://manipurtenders.gov.in,5
Higher Education Department,https://etenders.kerala.gov.in,5
HIGHER EDUCATION DEPARTMENT,https://jktenders.gov.in,5
Central Water Commission - World Bank Tenders,https://eprocure.gov.in,5
Drugs Control Department,https://etenders.kerala.gov.in,5
HRD Secretary,https://jharkhandtenders.gov.in,5
Cannanore Co-op Spinning Mills Ltd,https://etenders.kerala.gov.in,5
Directorate of Rural Development,https://pmgsytenders.gov.in,5
Directorate of Forensics Services Himachal Pradesh,https://hptenders.gov.in,5
Tourism and Cultural Affairs Dept. Maharashtra,https://mahatenders.gov.in,5
Institute of Human Behaviour and Allied Sciences,https://govtprocurement.delhi.gov.in,5
Directorate of Higher and Technical Education,https://pudutenders.gov.in,5
Maharashtra Prathamik Shikshan Parishad,https://mahatenders.gov.in,5
Maharashtra Energy Development Agency Pune,https://mahatenders.gov.in,5
Indian Institute of Engineering Science and Technology - Shibpur,https://eprocure.gov.in,5
Kerala Agricultural University,https://etenders.kerala.gov.in,5
Principal Vir Chandra Singh Garhwali Institute of Medical Science and Research,https://uktenders.gov.in,5
Travancore Cochin Chemicals Ltd,https://etenders.kerala.gov.in,5
DG - Information and Public Relation Department Dehradun,https://uktenders.gov.in,5
Rashtriya Madhyamik Siksha Abhijan,https://assamtenders.gov.in,5
Director (Horticulture),https://uktenders.gov.in,5
University of Kota,https://eproc.rajasthan.gov.in,5
MP Housing and Infrastructure Development Board,https://mptenders.gov.in,5
Central Mine Planning and Design Institute Limited,https://coalindiatenders.nic.in,5
CE RDD MMGSY,https://mahatenders.gov.in,5
Zila Parishad Palamau,https://jharkhandtenders.gov.in,5
Brahmaputra Cracker and Polymer Limited,https://etenders.gov.in,5
National Institute for the Mentally Handicapped,https://eprocure.gov.in,5
CE - CAD IGNP Bikaner,https://eproc.rajasthan.gov.in,5
COLLECTOR SOLAPUR,https://mahatenders.gov.in,5
CE Water Resources Department Gosikurda Project Nagpur,https://mahatenders.gov.in,5
Kerala University of Fisheries and Ocean studies,https://etenders.kerala.gov.in,5
Petroleum Conservation Research Association,https://eprocure.gov.in,5
Indian Institute of Science Education and Research - Mohali,https://eprocure.gov.in,5
Maulana Azad National Institute of Technology,https://eprocure.gov.in,5
Swami Ramanand Teerth Marathwada University Nanded,https://mahatenders.gov.in,5
Ulhasnagar Municipal Corporation,https://mahatenders.gov.in,5
Department of Sales Tax Maharashtra,https://mahatenders.gov.in,5
Indian Oil-Adani Gas Private Limited,https://etenders.gov.in,5
Dy. Conservator of Forests(North),https://govtprocurement.delhi.gov.in,5
U.P. Upbhokta Sahkari Sangh Ltd.,https://etender.up.nic.in,5
Odisha State Seed Corporation Ltd,https://tendersodisha.gov.in,5
MP Laghu Udyog Nigam Ltd,https://mptenders.gov.in,5
Vikram University,https://mptenders.gov.in,5
Directorate of Archaeology - Archives and Museums,https://mptenders.gov.in,5
Assam Police Housing Corporation Ltd,https://assamtenders.gov.in,5
GGS INDERPRASTHA UNIVERSITY,https://govtprocurement.delhi.gov.in,4
Municipal Commissioner Nagar Nigam Rudrapur,https://uktenders.gov.in,4
National Institute of Food Technology Entrepreneurship and Management,https://eprocure.gov.in,4
Jamia Millia Islamia,https://eprocure.gov.in,4
Government College of Engineering Amravati,https://mahatenders.gov.in,4
Department of Home Affairs,https://eproc.punjab.gov.in,4
Kerala Feeds Ltd,https://etenders.kerala.gov.in,4
Dewas City Transport Services Ltd,https://mptenders.gov.in,4
Bureau of Pharma PSUs of India (BPPI),https://eprocure.gov.in,4
Bureau of Indian Standards,https://eprocure.gov.in,4
JBVNL World Bank,https://jharkhandtenders.gov.in,4
DIRECTORATE OF TEXTILES (HANDLOOMS),https://wbtenders.gov.in,4
Madhymik Shiksha Parisad UP Allahabad,https://etender.up.nic.in,4
Kisan Sahkari Chini Mills Ltd. Sampurnanagar Kheri,https://etender.up.nic.in,4
Kisan Sahkari Chini Mills Ltd. Nanauta,https://etender.up.nic.in,4
Dr. APJ Abdul Kalam Technical University UP,https://etender.up.nic.in,4
Director General of U.P. Police,https://etender.up.nic.in,4
State Project Directorate (RUSA) Mumbai,https://mahatenders.gov.in,4
RMSCL- MD,https://eproc.rajasthan.gov.in,4
Inspector General of Prisons Uttarakhand,https://uktenders.gov.in,4
Executive Officer Nagar Palika Parishad Badahaat Uttarkashi,https://uktenders.gov.in,4
Director General (School Education),https://uktenders.gov.in,4
Allahabad Development Authority,https://etender.up.nic.in,4
R.G. KAR MEDICAL COLLEGE AND HOSPITAL,https://wbtenders.gov.in,4
Jaipur Metro Rail Corporation Ltd.,https://eproc.rajasthan.gov.in,4
National Institute of Technology Puducherry,https://eprocure.gov.in,4
Inter University Accelerator Centre,https://eprocure.gov.in,4
Agriculture Deptt - Commissioner,https://eproc.rajasthan.gov.in,4
CE-NH,https://tendersodisha.gov.in,4
National Informatics Centre Services Incorporated,https://etenders.gov.in,4
COLLECTOR OSMANABAD,https://mahatenders.gov.in,4
Central Institute of Psychiatry,https://eprocure.gov.in,4
Principal Secretary- P and RD- Assam Secretariat,https://assamtenders.gov.in,4
"University of Rajasthan, Jaipur",https://eproc.rajasthan.gov.in,4
Maharashtra Rajya Sahakari Dudh Mahasangh Maryadit Mumbai,https://mahatenders.gov.in,4
Maharashtra Livestock Development Board Akola,https://mahatenders.gov.in,4
Mahatma Gandhi Institute of Medical Sciences,https://eprocure.gov.in,4
BURDWAN UNIVERSITY,https://wbtenders.gov.in,4
MP State Livestock and Poultry Development Corporation,https://mptenders.gov.in,4
Indian Institute of Technology Jammu,https://eprocure.gov.in,4
DIRECTORATE OF CORRECTIONAL SERVICES WB,https://wbtenders.gov.in,4
PWD (B AND R),https://pmgsytenders.gov.in,4
Maharashtra Employee State Insurance Society,https://mahatenders.gov.in,4
Executive Officer Nagar Palika Parishad Narendra Nagar (Tehri Garhwal),https://uktenders.gov.in,4
Bodoland Territorial Council,https://assamtenders.gov.in,4
Rajasthan,https://pmgsytenders.gov.in,4
Election Department,https://eproc.rajasthan.gov.in,4
Development Commissioner for Handlooms,https://eprocure.gov.in,4
Aurangabad Smart City Development Corporation Limited Aurangabad,https://mahatenders.gov.in,4
Electronics Technology Park Kerala(technopark),https://etenders.kerala.gov.in,4
Central Water and Power Research Station,https://eprocure.gov.in,4
Agency for Development of Aquaculture Kerala,https://etenders.kerala.gov.in,4
SE National Health Mission State Health Society Mumbai,https://mahatenders.gov.in,4
Andaman and Nicobar Islands Medical Education and Research Society (ANIMERS),https://eprocure.andaman.gov.in,4
Directorate of Ports and IWT,https://tendersodisha.gov.in,4
National High Speed Rail Corporation Limited,https://etenders.gov.in,4
All India Institute of Medical Sciences-Mangalagiri-Andhra Pradesh,https://eprocure.gov.in,4
"Raj.Univ. of Health Sciences, Jaipur",https://eproc.rajasthan.gov.in,4
University of Allahabad,https://eprocure.gov.in,4
"CCE,Upper Kolab Project,Jeypore",https://tendersodisha.gov.in,4
COLLECTOR PUNE,https://mahatenders.gov.in,4
Bhubaneswar Development Authority,https://tendersodisha.gov.in,4
Stationery Department,https://etenders.kerala.gov.in,4
Andaman and Nicobar Islands Integrated Development Corporation Limited (ANIIDCO),https://eprocure.andaman.gov.in,4
GOVERNMENT ENGINEERING COLLEGE- AJMER,https://eproc.rajasthan.gov.in,4
Central Water and Power Research Station - World Bank Tenders,https://eprocure.gov.in,4
CE-MEGHALAYA,https://pmgsytenders.gov.in,4
"Mohan Lal Sukhadia University, Udaipur",https://eproc.rajasthan.gov.in,4
MIDNAPORE COLLEGE,https://wbtenders.gov.in,4
Oil palm India Ltd,https://etenders.kerala.gov.in,4
District Administration Gomati,https://tripuratenders.gov.in,4
CE-Water Resources Dept. Nagpur,https://mahatenders.gov.in,4
CE-Water Resources Dept. Konkan Region Mumbai,https://mahatenders.gov.in,4
Animal Husbandry Directorate,https://etender.up.nic.in,4
Prayagraj Smart City Limited,https://etender.up.nic.in,4
PCDF,https://etender.up.nic.in,4
Director of Horticulture,https://tendersodisha.gov.in,4
Directorate for the Welfare of Backward Classes and Minorities,https://pudutenders.gov.in,4
Text Book Board - Secretary,https://eproc.rajasthan.gov.in,4
Dr. Panjabrao Deshmukh Krishi Vidyapeeth Akola,https://mahatenders.gov.in,4
Life Mission,https://etenders.kerala.gov.in,4
Dr. Babasaheb Ambedkar Marathwada University Aurangabad,https://mahatenders.gov.in,4
Puducherry Smart City Devt. Ltd.,https://pudutenders.gov.in,3
Municipal Corporation,https://etenders.chd.nic.in,3
Municipal Commissioner Nagar Nigam Roorkee,https://uktenders.gov.in,3
Travancore Sugars and Chemicals Ltd,https://etenders.kerala.gov.in,3
National Institute of Technology Karnataka,https://eprocure.gov.in,3
Ground Water Survey and Investigation,https://tendersodisha.gov.in,3
Kolhapur Municipal Corporation,https://mahatenders.gov.in,3
IREL (INDIA) Limited,https://etenders.gov.in,3
Ministry of Information Technology,https://manipurtenders.gov.in,3
infopark Kerala,https://etenders.kerala.gov.in,3
JADAVPUR UNIVERSITY,https://wbtenders.gov.in,3
Health CE,https://jharkhandtenders.gov.in,3
Department of Science and Technology,https://assamtenders.gov.in,3
All India Institute of Medical Science-Nagpur,https://eprocure.gov.in,3
"S.P. Medical college, Bikaner",https://eproc.rajasthan.gov.in,3
Rajasthan State Sports Council,https://eproc.rajasthan.gov.in,3
Ambedkar University Delhi,https://govtprocurement.delhi.gov.in,3
WEST BENGAL INDUSTRIAL DEVELOPMENT CORPORATION,https://wbtenders.gov.in,3
CEO (Uttarakhand State Rural Livelihood Mission),https://uktenders.gov.in,3
CEO (Dehradun Smart City Limited),https://uktenders.gov.in,3
TOURISM DEPARTMENT,https://wbtenders.gov.in,3
S N Bose National Centre For Basic Sciences - DST,https://eprocure.gov.in,3
Raja Ramanna Centre for Advanced Technology Indore,https://eprocure.gov.in,3
North Eastern Regional Institute of Water and Land Management,https://eprocure.gov.in,3
Director of Technical Education Department Mumbai,https://mahatenders.gov.in,3
HIGH COURT OF ORISSA,https://tendersodisha.gov.in,3
Hindustan Organic Chemicals Limited,https://eprocure.gov.in,3
Kerala State Textile Corporation Ltd,https://etenders.kerala.gov.in,3
Coal India Limited,https://coalindiatenders.nic.in,3
Kerala State Cashew Development Corporation Ltd,https://etenders.kerala.gov.in,3
INFORMATION AND CULTURAL AFFAIRS DEPARTMENT,https://wbtenders.gov.in,3
HOOGHLY RIVER BRIDGE COMMISSIONERS,https://wbtenders.gov.in,3
INKEL Limited,https://etenders.kerala.gov.in,3
Central University of Himachal Pradesh,https://eprocure.gov.in,3
JMHIDPCL Jharkhand Medical And Health Infrastructure Development Procurement Corporation Limited,https://jharkhandtenders.gov.in,3
Jharkhand Industrial Area Development Authority,https://jharkhandtenders.gov.in,3
ANERT,https://etenders.kerala.gov.in,3
Elementary Education Department,https://assamtenders.gov.in,3
Town Planning and Urban Local Bodies,https://arunachaltenders.gov.in,3
HPPWD,https://pmgsytenders.gov.in,3
DEPARTMENT OF EDUCATION ARUNACHAL PRADESH,https://arunachaltenders.gov.in,3
Department of Forests and Wildlife,https://govtprocurement.delhi.gov.in,3
Tribal Cooperative Marketing Development Federation of India Limited,https://eprocure.gov.in,3
Directorate of Fisheries,https://etenders.kerala.gov.in,3
Guwahati Smart City Ltd.,https://assamtenders.gov.in,3
VC-G.B. Pant University of Agriculture and Technology,https://uktenders.gov.in,3
Traco Cable Company Ltd,https://etenders.kerala.gov.in,3
The Kerala State Cooperative Bank Ltd,https://etenders.kerala.gov.in,3
Translational Health Sci. and Tech. Inst. DoBT,https://eprocure.gov.in,3
WEBEL TECHNOLOGY LIMITED,https://wbtenders.gov.in,3
Maharashtra University of Health Sciences Nashik,https://mahatenders.gov.in,3
Mormugoa Port Trust,https://eprocure.gov.in,3
COLLECTOR NASHIK,https://mahatenders.gov.in,3
North Eastern Electric Power Corporation Limited,https://etenders.gov.in,3
JREDA Director,https://jharkhandtenders.gov.in,3
Social Welfare Department,https://assamtenders.gov.in,3
Cyberpark,https://etenders.kerala.gov.in,3
Himachal Urban Development Authority,https://hptenders.gov.in,3
Latur Municipal Corporation,https://mahatenders.gov.in,3
Kanupur Irrigation Project,https://tendersodisha.gov.in,3
Executive Officer Nagar Panchayat Naugaon (Uttarkashi),https://uktenders.gov.in,3
Kerala State Civil Supplies Corporation Ltd,https://etenders.kerala.gov.in,3
Bombay High Court,https://mahatenders.gov.in,3
Animal Husbandry and Veterinary Department,https://assamtenders.gov.in,3
Government of Andhra Pradesh,https://eprocure.gov.in,3
Pt. Deendayal Upadhyaya Institute for the Physically Handicapped,https://eprocure.gov.in,3
Indian Institute of Management Ahmedabad,https://eprocure.gov.in,3
India Meteorological Department - IMD,https://eprocure.gov.in,3
Aurangabad District Co-Operative Milk Producers Union Ltd.,https://mahatenders.gov.in,3
HP Aquaculture Fisheries and Marketing Society,https://hptenders.gov.in,3
"Shri Saibaba Sansthan Trust, Shirdi",https://mahatenders.gov.in,3
State Forensic Science Laboratory,https://eproc.rajasthan.gov.in,3
Director (Panchayati Raj),https://uktenders.gov.in,3
SOUTH BENGAL STATE TRANSPORT CORPORATION,https://wbtenders.gov.in,3
Directorate of Minority Affairs,https://manipurtenders.gov.in,3
Brahmaputra Board,https://eprocure.gov.in,3
Heavy Engineering Corporation Limited,https://etenders.gov.in,3
Tripura SCATFORM (CEO and Project Director),https://tripuratenders.gov.in,3
MP State Tourism Development Corporation Ltd.,https://mptenders.gov.in,3
Madhya Pradesh Urban Development Company Limited - MDB Tenders,https://mptenders.gov.in,3
Chief Engineer Water Resources Department (WRD) Nagaland - WBT,https://nagalandtenders.gov.in,3
Delhi Skill and Entrepreneurship University,https://govtprocurement.delhi.gov.in,3
RSRTC - CMD,https://eproc.rajasthan.gov.in,3
MIDNAPORE KHARAGPUR DEVELOPMENT AUTHORITY,https://wbtenders.gov.in,3
Himachal Pradesh Tourism Development Corporation,https://hptenders.gov.in,3
WEST BENGAL SWAROJGAR CORPORATION LIMITED,https://wbtenders.gov.in,3
AGRICULTURE UNIVERSITY- JODHPUR,https://eproc.rajasthan.gov.in,3
Horticulture Production Deptt,https://jktenders.gov.in,3
Chhatrpati Shahu Ji Maharaj University Kanpur,https://etender.up.nic.in,3
Land Ports Authority of India,https://eprocure.gov.in,3
Indira Gandhi Hospital,https://govtprocurement.delhi.gov.in,3
Delhi Technological University,https://govtprocurement.delhi.gov.in,3
SIDHO KANHO BIRSHA UNIVERSITY,https://wbtenders.gov.in,3
Rajendra Institute of Medical Sciences,https://jharkhandtenders.gov.in,3
Technopark Technology Business Incubator,https://etenders.kerala.gov.in,3
RDD-CEO-GONDIA,https://mahatenders.gov.in,3
"Projects and Development India Limited, Fert",https://eprocure.gov.in,3
"Department of Health, North East Section,MHFW",https://eprocure.gov.in,3
Uttar Pradesh University of Medical Sciences,https://etender.up.nic.in,3
UP Cooperative Sugar Factories Federation Ltd,https://etender.up.nic.in,3
Sanjay Gandhi Post Graduate Institute of Medical Sciences Lucknow,https://etender.up.nic.in,3
Rajiv Gandhi Institute of Technology,https://etenders.kerala.gov.in,3
Institute of Physics Bhubaneswar,https://eprocure.gov.in,3
Madhya Pradesh Road Development Corporation Limited,https://mptenders.gov.in,3
"CE-BM,UM Basin,Burla",https://tendersodisha.gov.in,3
SILIGURI JALPAIGURI DEVELOPMENT AUTHORITY,https://wbtenders.gov.in,3
Department of Health Research,https://eprocure.gov.in,3
"Commissionerate of Fisheries, Mumbai",https://mahatenders.gov.in,3
CE-HOD,https://uktenders.gov.in,3
All India Institute of Medical Sciences-Raebareli,https://eprocure.gov.in,3
Kisan Sahkari Chini Mills Ltd. Sneh Road Nazibabad-Bijnor,https://etender.up.nic.in,3
Settlement Commissioner and Director of Land Records (M.S.) Pune,https://mahatenders.gov.in,2
WEST BENGAL STATE FOOD PROCESSING AND HORTICULTURE DEV. CORP. LTD,https://wbtenders.gov.in,2
THE BHAGIRATHI COOPERATIVE MILK PRODUCERS UNION LTD,https://wbtenders.gov.in,2
Maharashtra Maritime Board Mumbai,https://mahatenders.gov.in,2
National Center for Seismology,https://eprocure.gov.in,2
Mahatma Gandhi Institute for Rural Industrilization,https://eprocure.gov.in,2
Jawaharlal Institute of Postgraduate Medical Education and Research JIPMER- Puducherry Central Autonomous Body under MOH and FW- GOI),https://eprocure.gov.in,2
PUBLIC SERVICE COMMISSION WEST BENGAL,https://wbtenders.gov.in,2
Maharashtra Bamboo Development Board Nagpur,https://mahatenders.gov.in,2
Indian Institute of Technology Jodhpur,https://eprocure.gov.in,2
Kerala State Film Development Corporation,https://etenders.kerala.gov.in,2
Central University of Punjab,https://eprocure.gov.in,2
GANGASAGAR BAKKHALI DEVELOPMENT AUTHORITY,https://wbtenders.gov.in,2
FURFURA SHARIF DEVELOPMENT AUTHORITY,https://wbtenders.gov.in,2
Himachal Pradesh University,https://hptenders.gov.in,2
Patliputra Medical College Dhanbad,https://jharkhandtenders.gov.in,2
Autocast Ltd,https://etenders.kerala.gov.in,2
WBSRDA,https://pmgsytenders.gov.in,2
Department of Information Technology and Communication,https://arunachaltenders.gov.in,2
Mathura-Vrindavan Development Authority Mathura,https://etender.up.nic.in,2
"Dr RML Awadh University, Faizabad",https://etender.up.nic.in,2
Punjab Agricultural University,https://eproc.punjab.gov.in,2
Rao Tula Ram Memorial Hospital,https://govtprocurement.delhi.gov.in,2
Department of Science Technology and Environment,https://eproc.punjab.gov.in,2
Lok Nayak Hospital,https://govtprocurement.delhi.gov.in,2
G B Pant Hospital,https://govtprocurement.delhi.gov.in,2
Delhi State Cancer Institute,https://govtprocurement.delhi.gov.in,2
Department of Civil Supplies and Consumer Affairs,https://pudutenders.gov.in,2
Principal Soban Singh Jeena Government Institute of Medical Science and Research Almora,https://uktenders.gov.in,2
MD - SIIDCUL,https://uktenders.gov.in,2
The Kerala Ceramics Ltd,https://etenders.kerala.gov.in,2
Director (NHM Uttarakhand Health and Family Welfare Society Dehradun),https://uktenders.gov.in,2
Director (Animal Husbandry),https://uktenders.gov.in,2
Banda Development Authority Banda,https://etender.up.nic.in,2
Ayodhya Faizabad Development Authority,https://etender.up.nic.in,2
Maharaja Ganga Singh University- Bikaner,https://eproc.rajasthan.gov.in,2
National Institute of Wind Energy (NIWE),https://eprocure.gov.in,2
National Institute of Technology Meghalaya,https://eprocure.gov.in,2
National Institute of Rural Development-MoRD,https://eprocure.gov.in,2
Dr. Babasaheb Ambedkar Technological University Lonere,https://mahatenders.gov.in,2
Ministry of Railways - World Bank Tenders,https://eprocure.gov.in,2
Department of Tourism,https://eproc.rajasthan.gov.in,2
NORTH BENGAL STATE TRANSPORT CORPORATION,https://wbtenders.gov.in,2
IIT BHUBANESWAR,https://eprocure.gov.in,2
Department of Animal Husbandry,https://eproc.punjab.gov.in,2
COLLECTOR SANGLI,https://mahatenders.gov.in,2
COLLECTOR AMRAVATI,https://mahatenders.gov.in,2
Kerala State Handloom Development Corporation Ltd.,https://etenders.kerala.gov.in,2
Development Commissioner(Handicrafts),https://eprocure.gov.in,2
Kerala State Centre for Advanced Printing and Trai,https://etenders.kerala.gov.in,2
Kerala Shipping and Inland Navigation Corporation,https://etenders.kerala.gov.in,2
IHB Limited,https://etenders.gov.in,2
Ropeway and Rapid Transport System Development Corporation,https://hptenders.gov.in,2
Central Silk Board,https://eprocure.gov.in,2
District Nirmithikendra Kozhikkode,https://etenders.kerala.gov.in,2
Jharkhand State Sports Promotion Society,https://jharkhandtenders.gov.in,2
Himachal Pradesh Agriculture Development Society (JICA-ODA loan),https://hptenders.gov.in,2
Assam Police,https://assamtenders.gov.in,2
Construction and Design Services Nalkoop Wing,https://etender.up.nic.in,2
Municipal Commissioner Nagar Nigam Kashipur,https://uktenders.gov.in,2
Rajasthan State Gangnagar Sugar Mills,https://eproc.rajasthan.gov.in,2
Rajasthan High Court - Jodhpur,https://eproc.rajasthan.gov.in,2
Tripura Tourism Development Corporation Ltd,https://tripuratenders.gov.in,2
Rourkela Smart City Limited,https://tendersodisha.gov.in,2
National Institute of Technology Jamshedpur,https://eprocure.gov.in,2
PURULIA GOVERNMENT ENGINEERING COLLEGE,https://wbtenders.gov.in,2
Directorate of Advertising and Visual Publicity,https://eprocure.gov.in,2
Directorate of Tribal Affairs and Hills,https://manipurtenders.gov.in,2
Director-Cum-Warden of Fisheries,https://hptenders.gov.in,2
Tribal Research and Training Institute Pune,https://mahatenders.gov.in,2
The Malabar Cooperative Textiles Ltd,https://etenders.kerala.gov.in,2
Water Resource and River Development Deptartment,https://sikkimtender.gov.in,2
Divisional Dy. Commissioner Women and Child Development Konkan,https://mahatenders.gov.in,2
Jharkhand State Forest Development Corporation Ltd,https://jharkhandtenders.gov.in,2
SRI KARAN NARENDRA AGRICULTURE UNIVERSITY- JOBNER,https://eproc.rajasthan.gov.in,2
Kochi Metro Rail Ltd,https://etenders.kerala.gov.in,2
Kerala Industrial Infrastructure Development Corp,https://etenders.kerala.gov.in,2
Jharkhand State Livelihood Promotion Society,https://jharkhandtenders.gov.in,2
National Institute for the Visually Handicapped,https://eprocure.gov.in,2
Narcotics Control Bureau (HQ),https://eprocure.gov.in,2
Department of Telecommunications,https://eprocure.gov.in,2
COLLECTOR KOLHAPUR,https://mahatenders.gov.in,2
Rashtrasant Tukadoji Maharaj Nagpur University Nagpur,https://mahatenders.gov.in,2
Women Empowerment,https://eproc.rajasthan.gov.in,2
Board of Revenue U P,https://etender.up.nic.in,2
Director Sports,https://uktenders.gov.in,2
General Administration Department - Registrar,https://mptenders.gov.in,2
COLLECTOR NANDURBAR,https://mahatenders.gov.in,2
Department of Fertilisers,https://eprocure.gov.in,2
Assam Power Generation Company Limited,https://assamtenders.gov.in,2
Aruna Asaf Ali Govt Hospital,https://govtprocurement.delhi.gov.in,2
Odisha State Co-operative Marketing Federation Ltd,https://tendersodisha.gov.in,2
National Institute of Biomedical Genomics,https://eprocure.gov.in,2
Rajya Shiksha Kendra M.P,https://mptenders.gov.in,2
Bhubaneswar Smart City Limited,https://tendersodisha.gov.in,2
Central Institute of Technology - Kokrajhar,https://eprocure.gov.in,2
Directorate of Homoeopathy,https://etenders.kerala.gov.in,2
Matsyafed,https://etenders.kerala.gov.in,2
Madhya Pradesh Bhawan,https://mptenders.gov.in,2
Institute of Nano Science and Technolgy - Mohali,https://eprocure.gov.in,2
University of Hyderabad,https://eprocure.gov.in,2
Registrar General - India,https://eprocure.gov.in,2
Municipal Corporation of Greater Mumbai,https://mahatenders.gov.in,2
Indian Institute of Management-Rajiv Gandhi - Shillong,https://eprocure.gov.in,2
Transport Department,https://assamtenders.gov.in,2
Civil Aviation,https://jktenders.gov.in,2
IGNP,https://eproc.rajasthan.gov.in,2
Department of Information and Public Relations,https://eproc.rajasthan.gov.in,2
AGRICULTURE,https://jharkhandtenders.gov.in,2
Trichur Co-operative Spinning Mills Ltd,https://etenders.kerala.gov.in,2
Chacha Nehru Bal Chikitsalaya,https://govtprocurement.delhi.gov.in,2
Sant Gadge Baba Amravati University,https://mahatenders.gov.in,2
UIT - SAWAI MADHOPUR,https://eproc.rajasthan.gov.in,2
Film and Television Institute of India,https://eprocure.gov.in,2
Loktak Development Authority,https://manipurtenders.gov.in,2
THE SHALIMAR WORKS (1980) LIMITED,https://wbtenders.gov.in,2
All India Institute of Medical Sciences-Jodhpur,https://eprocure.gov.in,2
Central Jail Tihar,https://govtprocurement.delhi.gov.in,2
Jail Inspectorate,https://jharkhandtenders.gov.in,2
Secretary Health and Family Welfare Department,https://tripuratenders.gov.in,2
Directorate General of Information and Public Relations,https://mahatenders.gov.in,2
Directorate of Land Records and Survey etc. Assam,https://assamtenders.gov.in,2
Directorate of Horticulture,https://hptenders.gov.in,2
High Court of Uttarakhand,https://uktenders.gov.in,2
Lanco Teesta Hydro Power Limited,https://eprocure.gov.in,2
CMO Dehradun,https://uktenders.gov.in,2
ICDS - Director,https://eproc.rajasthan.gov.in,2
Sree Narayana College Nattika,https://etenders.kerala.gov.in,2
Indian Institute of Technology Ropar,https://eprocure.gov.in,2
Frakka Barrage Project - River Development and Ganga Rejuvenation,https://eprocure.gov.in,2
Non Conventional Energy Sources,https://hptenders.gov.in,2
DISTRICT MAGISTRATE BANKURA,https://wbtenders.gov.in,2
BURDWAN DEVELOPMENT AUTHORITY,https://wbtenders.gov.in,2
Uttar Pradesh Jal Vidyut Nigam Limited,https://etender.up.nic.in,2
Uttar Pradesh Excise Department,https://etender.up.nic.in,2
UP STATE WAREHOUSING CORPORATION,https://etender.up.nic.in,2
UP Rajya Nirman Evam Sharam Vikash Sahkari Sangh Ltd Lucknow,https://etender.up.nic.in,2
UP Handicraft Development and Marketing Carporation,https://etender.up.nic.in,2
U.P. Expressways Industrial Development Authority,https://etender.up.nic.in,2
UP Electronics Corporation Ltd.,https://etender.up.nic.in,2
Unnao Shuklaganj Development Authority,https://etender.up.nic.in,2
State Urban Development Agency,https://etender.up.nic.in,2
Institute of Mental Health And Hospital Agra,https://etender.up.nic.in,2
Meghalaya Energy Corporation Limited,https://meghalayatenders.gov.in,2
Kerala Public Service Commission,https://etenders.kerala.gov.in,2
Travancore Cements Ltd,https://etenders.kerala.gov.in,2
WEST BENGAL TEXT BOOK CORPORATION LTD,https://wbtenders.gov.in,2
Centre for Aromatic Plants (Selaqui) Dehradun,https://uktenders.gov.in,2
Samagra Shikha Abhiyan,https://tripuratenders.gov.in,2
Madhya Pradesh Public Service Commission,https://mptenders.gov.in,2
Indian Statistical Institute - Kolkata,https://eprocure.gov.in,2
K.R.Narayanan National Institute of Visual Science and Arts,https://etenders.kerala.gov.in,2
Directorate of Horticulture and Food Processing,https://etender.up.nic.in,2
Delhi Transport Corporation,https://govtprocurement.delhi.gov.in,2
Chief Engineer Mech - WR Bhubaneswar,https://tendersodisha.gov.in,2
State Farming Corporation of Kerala Ltd,https://etenders.kerala.gov.in,2
Rajiv Gandhi Proudyogiki Vishwavidyalaya,https://mptenders.gov.in,2
Department of IT and C,https://eproc.rajasthan.gov.in,2
Tourism and Civil Aviation Department-Govt Sikkim,https://sikkimtender.gov.in,2
Global Centre for Nuclear Energy Partnership,https://eprocure.gov.in,2
Department of Empowerment of Persons with Disabilities,https://eprocure.gov.in,2
DISTRICT MAGISTRATE PASCHIM BARDHAMAN,https://wbtenders.gov.in,2
DIRECTORATE OF HANDICRAFTS,https://jktenders.gov.in,2
Directorate of Woman and Child Development,https://etenders.kerala.gov.in,2
Kisan Sahkari Chini Mills Ltd. Sultanpur,https://etender.up.nic.in,2
Executive Officer Nagar Palika Parishad Kichha,https://uktenders.gov.in,2
Deptt. of Archaeology and Museums,https://eproc.rajasthan.gov.in,2
Jammu Smart City Limited,https://jktenders.gov.in,2
INDUSTRIES DEPARTMENT,https://eproc.rajasthan.gov.in,2
CALCUTTA NATIONAL MEDICAL COLLEGE,https://wbtenders.gov.in,2
Secretary (SAD),https://uktenders.gov.in,2
Ministry of New and Renewable Energy,https://eprocure.gov.in,2
Department of Youth Affairs,https://eprocure.gov.in,2
Deputy Commissioner Dharamshala,https://hptenders.gov.in,2
Tamilnadu Trade Promotion Organisation,https://eprocure.gov.in,2
COLLECTOR AKOLA,https://mahatenders.gov.in,2
Hp State Cooperative Milk Producers Fed Ltd,https://hptenders.gov.in,2
Council of Science and Technology,https://etender.up.nic.in,1
Directorate of Agriculture,https://pudutenders.gov.in,1
Executive Officer Nagar Palika Parishad Pithoragarh,https://uktenders.gov.in,1
Director (Economics and Statistics),https://uktenders.gov.in,1
Odisha Tourism Devl. Corp.,https://tendersodisha.gov.in,1
Directorate of Handloom and Sericulture,https://tripuratenders.gov.in,1
Animal Resource Department,https://tripuratenders.gov.in,1
The Bombay Textile Research Association,https://eprocure.gov.in,1
National Mission for Clean Ganga,https://eprocure.gov.in,1
Maharashtra Legislature Secretariat,https://mahatenders.gov.in,1
Employees Provident Fund Organisation,https://eprocure.gov.in,1
Kerala Tourism Development Corporation,https://etenders.kerala.gov.in,1
Kerala State Council for Science Technology and Environment KSCSTE,https://etenders.kerala.gov.in,1
Sardar Vallabhbhai Patel Cluster University Mandi,https://hptenders.gov.in,1
Central Secretariat Library,https://eprocure.gov.in,1
DISTRICT MAGISTRATE JALPAIGURI,https://wbtenders.gov.in,1
CE-ASM,https://pmgsytenders.gov.in,1
Director of Agriculture,https://hptenders.gov.in,1
Department of Housing and Urban Affairs,https://assamtenders.gov.in,1
CHANGRABANDHA DEVELOPMENT AUTHORITY,https://wbtenders.gov.in,1
Noida Metro Rail Corporation Ltd.,https://etender.up.nic.in,1
Kisan Sahkari Chini Mills Ltd. Semikhera Bareilly,https://etender.up.nic.in,1
Dr. Ram Manohar Lohiya National Law University,https://etender.up.nic.in,1
Director General DDU State Institute of Rural Development,https://etender.up.nic.in,1
Revenue Department,https://govtprocurement.delhi.gov.in,1
Department of Printing and Stationery,https://eproc.punjab.gov.in,1
"SE-II (Cable Construction and Building),POWER",https://pudutenders.gov.in,1
Public Works Special Projects Mumbai,https://mahatenders.gov.in,1
Secretary Uttarakhand Sanskrit Academy Haridwar,https://uktenders.gov.in,1
United Electrical Industries Ltd,https://etenders.kerala.gov.in,1
Mahila Arthik Vikas Mahamandal Mumbai,https://mahatenders.gov.in,1
Director (ITDA),https://uktenders.gov.in,1
Maharashtra State Rural Livelihoods Mission,https://mahatenders.gov.in,1
Sacred Heart College Thevara,https://etenders.kerala.gov.in,1
Register General High Court of Tripura,https://tripuratenders.gov.in,1
Principal Chief Conservator of Forests and HoFF,https://tripuratenders.gov.in,1
Directorate for Welfare of SC,https://tripuratenders.gov.in,1
College of Agriculture,https://tripuratenders.gov.in,1
Odisha State Co. Milk Producers Federation Ltd.,https://tendersodisha.gov.in,1
Malappuram District Administration,https://etenders.kerala.gov.in,1
NITI Aayog,https://eprocure.gov.in,1
National Remote Sensing Centre - World Bank Tenders,https://eprocure.gov.in,1
National Institute of Technology Nagaland,https://eprocure.gov.in,1
Chairman- Tripura Forest Development and Plantataion Corp Ltd,https://tripuratenders.gov.in,1
Maharashtra Animal and Fishery Sciences University,https://mahatenders.gov.in,1
Head Office Mahabeej Akola,https://mahatenders.gov.in,1
Intelligence Bureau - New Delhi,https://eprocure.gov.in,1
Disaster Management Relief and Civil Defence Department,https://eproc.rajasthan.gov.in,1
DEPARTMENT OF MINORITY AFFAIRS,https://eproc.rajasthan.gov.in,1
Department of Social Security and Empowerment of Persons with Disabilities,https://tendersodisha.gov.in,1
Department of Registration and Stamps,https://mahatenders.gov.in,1
Directorate General of Shipping,https://eprocure.gov.in,1
Commissioner Social Welfare Department Pune,https://mahatenders.gov.in,1
Kerala Transport Development Finance Corporation,https://etenders.kerala.gov.in,1
COLLECTOR DHULE,https://mahatenders.gov.in,1
Irrigation and Water Resources Department - World Bank Tenders,https://mizoramtenders.gov.in,1
Kerala Livestock Development Board Ltd,https://etenders.kerala.gov.in,1
MEGHALAYAN AGE LIMITED FOR NDB TENDERS,https://meghalayatenders.gov.in,1
DIRECTORATE AYUSH,https://mptenders.gov.in,1
Board of Secondary Education,https://mptenders.gov.in,1
Excise Department of Kerala,https://etenders.kerala.gov.in,1
Betwa River Board,https://eprocure.gov.in,1
Director (Agriculture),https://uktenders.gov.in,1
Rajasthan State Judicial Academy,https://eproc.rajasthan.gov.in,1
Empowerment and Welfare Department,https://sikkimtender.gov.in,1
Rubber Park India(P) Ltd,https://etenders.kerala.gov.in,1
Nagpur Smart and Sustainable City Development Corporation Limited Nagpur,https://mahatenders.gov.in,1
Brahmapur Development Authority,https://tendersodisha.gov.in,1
Department of Higher and Technical Education,https://jharkhandtenders.gov.in,1
Delhi Bureau of Text Books,https://govtprocurement.delhi.gov.in,1
Vizhinjam International Seaport Ltd,https://etenders.kerala.gov.in,1
General Administrative Department (GAD),https://eproc.rajasthan.gov.in,1
National Institute of Technology Delhi,https://eprocure.gov.in,1
Marathwada Admin. And Development Training Academy,https://mahatenders.gov.in,1
"Chairman cum MD, TSECL",https://tripuratenders.gov.in,1
India Trade Promotion Organisation,https://eprocure.gov.in,1
Animal Husbandry - Director,https://eproc.rajasthan.gov.in,1
Ground Water Department - Telangana,https://eprocure.gov.in,1
Directorate of Denotified Nomadic and Semi Nomadic Tribal Development Bhopal,https://mptenders.gov.in,1
Directorate of Food Civil Supplies and Consumer Affairs,https://hptenders.gov.in,1
M P Rajya Sahakari Bank Maryadit - Bhopal,https://mptenders.gov.in,1
The Metals Industries Ltd,https://etenders.kerala.gov.in,1
Commissioner - Commercial Tax,https://mptenders.gov.in,1
Vice Chancellor-Doon University Dehradun,https://uktenders.gov.in,1
Smart City Thiruvananthapuram Limited,https://etenders.kerala.gov.in,1
National Law University Delhi,https://govtprocurement.delhi.gov.in,1
Trivandrum Spinning Mills Ltd,https://etenders.kerala.gov.in,1
Registrar of Co-Operative Societies,https://etenders.kerala.gov.in,1
Executive Officer Nagar Palika Parishad Munikireti-Dhalwala,https://uktenders.gov.in,1
Malabar Cancer Centre,https://etenders.kerala.gov.in,1
Director-DSTE-Jt Memeber Sec-Tripura State Council for Science and Technology,https://tripuratenders.gov.in,1
India Post Payments Bank Ltd,https://eprocure.gov.in,1
Kerala State IT Mission,https://etenders.kerala.gov.in,1
H.P. State Electronics Development Corp. Ltd,https://hptenders.gov.in,1
Cooperation Department,https://assamtenders.gov.in,1
National Institute of Design Andhra Pradesh,https://eprocure.gov.in,1
Maharashtra Pollution Control Board,https://mahatenders.gov.in,1
Indian Institute of Food Processing Technology,https://eprocure.gov.in,1
Directorate of Aviation,https://mptenders.gov.in,1
Rural Development and PR Dept.,https://mahatenders.gov.in,1
Secretary to Governor Rajbhawan Uttarakhand,https://uktenders.gov.in,1
Chandigarh Judicial Academy,https://etenders.chd.nic.in,1
WEST BENGAL STATE AIDS PREVENTION AND CONTROL SOCI,https://wbtenders.gov.in,1
Director (Employee State Insurance Scheme),https://uktenders.gov.in,1
Directorate of Planning and Coordination,https://tripuratenders.gov.in,1
Ministry of External Affairs,https://eprocure.gov.in,1
M.P.State Minor Forest Produce Cooperative Federation Limited,https://mptenders.gov.in,1
Indian Council of Medical Research,https://eprocure.gov.in,1
Kerala State Warehousing Corporation,https://etenders.kerala.gov.in,1
Excise Registration Taxation And Stamps Department,https://meghalayatenders.gov.in,1
Assam State Transport Corporation,https://assamtenders.gov.in,1
SNDT Womens University Mumbai,https://mahatenders.gov.in,1
Urdu Academy Delhi,https://govtprocurement.delhi.gov.in,1
Directorate of Information Publicity and Tourism,https://eprocure.andaman.gov.in,1
WEST BENGAL POLICE DIRECTORATE,https://wbtenders.gov.in,1
NATIONAL INSTITUTE OF SOCIAL DEFENCE,https://eprocure.gov.in,1
Maharashtra Electricity Regulatory Commission Mumbai,https://mahatenders.gov.in,1
Maharashtra Academic Authority Pune,https://mahatenders.gov.in,1
Khadi and Village Industries Commission,https://eprocure.gov.in,1
Civil Aviation - Director,https://eproc.rajasthan.gov.in,1
Divisional Dy. Commissioner Women and Child Development Amravati,https://mahatenders.gov.in,1
Indian Institute of Information Technology Allahabad,https://eprocure.gov.in,1
Madhya Pradesh State Electronics Development Corporation Ltd.,https://mptenders.gov.in,1
Kerala State Development Corporation for Scheduled Castes and Scheduled Tribes Ltd.,https://etenders.kerala.gov.in,1
High Court of Kerala,https://etenders.kerala.gov.in,1
Madhya Pradesh State Tech. e-Panchayat Society- MPSTEPS,https://mptenders.gov.in,1
Central Ground Water Board,https://eprocure.gov.in,1
Puducherry Distilleries Limited,https://pudutenders.gov.in,1
DG - Homeguards and Civil Defence,https://uktenders.gov.in,1
Chief Administrator Uttarakhand Housing and Urban Development Authority Dehradun,https://uktenders.gov.in,1
Films Division - MIB,https://eprocure.gov.in,1
District Administration Khowai,https://tripuratenders.gov.in,1
Indira Gandhi National Open University,https://eprocure.gov.in,1
INDUSTRIES AND COMMERCE,https://jktenders.gov.in,1
Kerala State Science and Technology Museum,https://etenders.kerala.gov.in,1
Kerala Books and Publications Society,https://etenders.kerala.gov.in,1
Central University of Gujarat,https://eprocure.gov.in,1
Greater Cochin Development Authority,https://etenders.kerala.gov.in,1
Industry Directorate,https://jharkhandtenders.gov.in,1
Delhi Pharmaceutical Science and Research University,https://govtprocurement.delhi.gov.in,1
Dada Dev Matri Avum Shishu Chikitsalaya,https://govtprocurement.delhi.gov.in,1
Director Higher Education,https://tripuratenders.gov.in,1
Ministry of Housing and Urban Affairs,https://eprocure.gov.in,1
Department of Planning,https://eproc.rajasthan.gov.in,1
COLLECTOR LATUR,https://mahatenders.gov.in,1
Finance Department,https://etenders.kerala.gov.in,1
DISTRICT MAGISTRATE KALIMPONG,https://wbtenders.gov.in,1
Guwahati Metropolitan Development Authority,https://assamtenders.gov.in,1
RLDB (Livestock Board),https://eproc.rajasthan.gov.in,1
Power System Operation Corporation Limited,https://eprocure.gov.in,1
THE CHIEF ELECTORAL OFFICER,https://mptenders.gov.in,1
Transport Commissioner Office,https://mahatenders.gov.in,1
Solapur University,https://mahatenders.gov.in,1
Ministry of Panchayati Raj,https://eprocure.gov.in,1
M.P. Textbook Corporation - Bhopal,https://mptenders.gov.in,1
Law and Judiciary Department Mantralaya,https://mahatenders.gov.in,1
Kerala State Civil Supplies Department,https://etenders.kerala.gov.in,1
Kerala Clays and Ceramic Products Ltd,https://etenders.kerala.gov.in,1
Coir Board,https://eprocure.gov.in,1
Department of Information Technology,https://hptenders.gov.in,1
BIDHANNAGAR POLICE COMMISSIONERATE,https://wbtenders.gov.in,1
Assam Electricity Grid Corporation Ltd,https://assamtenders.gov.in,1
Assam Agricultural University,https://assamtenders.gov.in,1
St. Marys College Thrissur,https://etenders.kerala.gov.in,1
State Water Transport Department,https://etenders.kerala.gov.in,1
Ministry of Industries and Commerce,https://tripuratenders.gov.in,1
Director- SCERT,https://tripuratenders.gov.in,1
Directorate of GA Printing and Stationary,https://tripuratenders.gov.in,1
Priyadarsini Co-oprative Spinning Mills Ltd,https://etenders.kerala.gov.in,1
MP Industrial Development Corporation Limited,https://mptenders.gov.in,1
ITER-India,https://eprocure.gov.in,1
"CCE,Anandapur Barrage Project",https://tendersodisha.gov.in,1
Ratle Hydroelectric Power Corporation Limited,https://etenders.gov.in,1
Chief Engineer - Public Health Engineering Department,https://manipurtenders.gov.in,1
Department of Electrical Inspectorate,https://etenders.kerala.gov.in,1
Cochin International Airport Ltd,https://etenders.kerala.gov.in,1
ARUNACHAL PRADESH STAFF SELECTION BOARD (APSSB),https://arunachaltenders.gov.in,1
Animal Husbandry and Veterinary Department-Externally Aided Project,https://assamtenders.gov.in,1
Sahitya Akademi,https://eprocure.gov.in,1
WEST BENGAL RENEWABLE ENERGY DEVELOPMENT AGENCY,https://wbtenders.gov.in,1
CEO (Atal Ayushman - State Health Authority),https://uktenders.gov.in,1
CHILD RIGHTS DEPARTMENT,https://eproc.rajasthan.gov.in,1
JANDK STATE CABLE CAR CORPORATION,https://jktenders.gov.in,1
Jakeda,https://jktenders.gov.in,1
Bhopal City Link Limited,https://mptenders.gov.in,1
Central University of Kerala,https://eprocure.gov.in,1
Panjab University,https://etenders.chd.nic.in,1
Regional Institute of Medical Sciences,https://eprocure.gov.in,1
M.P. Bhoj (Open) University,https://mptenders.gov.in,1
"Directorate of Archives, Mumbai",https://mahatenders.gov.in,1
Institute of Human Resources Development,https://etenders.kerala.gov.in,1
Centre for Marine Living Resources and Ecology,https://eprocure.gov.in,1
CAPEX,https://etenders.kerala.gov.in,1
Directorate of Civil Aviation,https://etender.up.nic.in,1
Government Medical College and Hospital,https://etenders.chd.nic.in,1
DR. B.C. ROY PGIPS,https://wbtenders.gov.in,1
SWACH PROJECT,https://eproc.rajasthan.gov.in,1
Ratnagiri Gas and Power Pvt. Ltd.,https://etenders.gov.in,1
PMGSY Kashmir and CE PW (R and B) Kashmir,https://pmgsytenders.gov.in,1
Executive Director (Doiwala Sugar Company Ltd. Doiwala Dehradun),https://uktenders.gov.in,1
"Health Care,Human Service and Family welfare dept",https://sikkimtender.gov.in,1
Assam State Disaster Management Authority,https://assamtenders.gov.in,1
Rehabilitation Plantations Ltd.,https://etenders.kerala.gov.in,1
"Raj.Tribal Area Dev. Co-op. fed. Ltd.,Udaipur",https://eproc.rajasthan.gov.in,1
Raj. Rajya Tilhan Utpadak Sahkari Sangh Ltd,https://eproc.rajasthan.gov.in,1
Rajasthan Subordinate and Ministerial Services Selection Board,https://eproc.rajasthan.gov.in,1
THE STATE FISHERIES DEVELOPMENT CORPORATION LTD,https://wbtenders.gov.in,1
National Institute of Technology Agartala,https://eprocure.gov.in,1
National Archives of India,https://eprocure.gov.in,1
Director Industries (MSME),https://uktenders.gov.in,1
Director (ICDS),https://uktenders.gov.in,1
DR. BHIMRAO AMBEDKAR LAW UNIVERSITY- JAIPUR,https://eproc.rajasthan.gov.in,1
Devasthan Department,https://eproc.rajasthan.gov.in,1
Manipur State Power Company Ltd,https://manipurtenders.gov.in,1
Directorate of Forensic Science Assam,https://assamtenders.gov.in,1
Directorate of Factories and Boilers,https://etenders.kerala.gov.in,1
Uttar Pradesh Urdu Akademi,https://etender.up.nic.in,1
UPTRON Powertronics Limited,https://etender.up.nic.in,1
UP State Tourism Development Corporation Ltd.,https://etender.up.nic.in,1
U.P. Power Transmission Corporation Ltd.,https://etender.up.nic.in,1
U P Kaushal Vikas Mission,https://etender.up.nic.in,1
UP Council of Sugarcane Research Shahjahanpur,https://etender.up.nic.in,1
U.P. Beej Vikas Nigam,https://etender.up.nic.in,1
The Kisan Sahkari Chini Mills Ltd. Sheikhupur Budaun,https://etender.up.nic.in,1
The Kisan Sahkari Chini Mills Ltd Sathiaon Azamgarh UP,https://etender.up.nic.in,1
The Kisan Sahkari Chini Mills Ltd. Puranpur Pilibhit,https://etender.up.nic.in,1
The Kisan Sahkari Chini Mills Ltd. Kaimganj Farrukhabad,https://etender.up.nic.in,1
The Kisan Co-operative Sugar Factory Ltd. Sarsawa Saharanpur,https://etender.up.nic.in,1
The Ganga Kisan Sahkari Chini Mills Ltd. Morna Muzaffarnagar,https://etender.up.nic.in,1
State Innovations in Family Planning Services Project Agency (SIFPSA),https://etender.up.nic.in,1
Shreetron India Limited,https://etender.up.nic.in,1
PWD - Externally Aided Projects (World Bank Tenders),https://etender.up.nic.in,1
Mahatma Jyotiba Phule Rohilkhand University Bareilly,https://etender.up.nic.in,1
Kanpur Development Authority,https://etender.up.nic.in,1
Information And Public Relation Department UP,https://etender.up.nic.in,1
Director Department Basic Education(Camp Office),https://etender.up.nic.in,1
Delhi Legislative Assembly Secretariat,https://govtprocurement.delhi.gov.in,1
Orissa State Housing Board,https://tendersodisha.gov.in,1
COLLECTOR AURANGABAD,https://mahatenders.gov.in,1
Directorate of Skill Development,https://mptenders.gov.in,1
HIGH COURT CALCUTTA,https://wbtenders.gov.in,1
Central Council for Research in Homoeopathy,https://eprocure.gov.in,1
Assam Power Generation Company Limited APGCL - ADB,https://assamtenders.gov.in,1
DEPARTMENT OF CIVIL DEFENCE,https://wbtenders.gov.in,1
Shri Siddhivinayak Ganapati Temple Trust,https://mahatenders.gov.in,1
Intelligent Communication Systems India Ltd,https://govtprocurement.delhi.gov.in,1
VC-Uttrakhand Technical University Dehradun,https://uktenders.gov.in,1
The Malappuram Cooperative Spinning Mills Ltd,https://etenders.kerala.gov.in,1
Secondary Education - Director,https://eproc.rajasthan.gov.in,1
Executive Officer Nagar Palika Parishad Vikasnagar (Dehradun),https://uktenders.gov.in,1
"Police Modernisation(PM),MHA",https://eprocure.gov.in,1
Addl Director General of Police,https://tripuratenders.gov.in,1
Buildings and Housing Department,https://sikkimtender.gov.in,1
Professional Examination Board,https://mptenders.gov.in,1
Ministry of Statistics and Programme Implementation,https://eprocure.gov.in,1
Ministry of Home Affairs,https://eprocure.gov.in,1
Irrigation and Command Area Development Department,https://eprocure.gov.in,1
High Power Committee for the Implementation of Sabarimala Master Plan,https://etenders.kerala.gov.in,1
Public Works Roads Department-Externally Aided Project,https://assamtenders.gov.in,1
Controller of Legal Metrology,https://etenders.kerala.gov.in,1
Christ College Irinjalakuda,https://etenders.kerala.gov.in,1
All India Institute of Medical Sciences-Gorakhpur,https://eprocure.gov.in,1
Puducherry Slum Clearance Board,https://pudutenders.gov.in,1
"Deep Chand Bandhu Hospital , Ashok Vihar",https://govtprocurement.delhi.gov.in,1
State Health Society (SHS) Andaman and Nicobar Islands,https://eprocure.andaman.gov.in,1
Directorate of Animal Husbandry and Veterinary Services,https://eprocure.andaman.gov.in,1
RAJASTHAN STATE AIDS CONTROL SOCIETY,https://eproc.rajasthan.gov.in,1
Aligarh Development Authority,https://etender.up.nic.in,1
The Pharmaceutical Corporation (IM) Kerala Ltd (OUSHADHI),https://etenders.kerala.gov.in,1
WEST BENGAL UNIVERSITY OF ANIMAL AND FISHERY SCIENCES,https://wbtenders.gov.in,1
HCM- Rajasthan State Institute of Public Adminstration,https://eproc.rajasthan.gov.in,1
Rewa Ultra Mega Solar Limited,https://mptenders.gov.in,1
Ministry Of Road Transport and Highways - World Bank Tenders,https://eprocure.gov.in,1
District Administration West Tripura,https://tripuratenders.gov.in,1
Directorate of Fisharies,https://tripuratenders.gov.in,1
Maulana Azad National Urdu University,https://eprocure.gov.in,1
Managing Director (M.D)- Bihar Rajya Pul Nirman Nigam Ltd- Patna,https://eprocure.gov.in,1
Haffkine Ajintha Pharmaceuticals Ltd. Mumbai,https://mahatenders.gov.in,1
Indian Institute of Management Indore,https://eprocure.gov.in,1
KITCO,https://etenders.kerala.gov.in,1
Jammu and Kashmir Service Selection Board,https://jktenders.gov.in,1
Zila Parishad Hazaribagh,https://jharkhandtenders.gov.in,1
Board of Apprenticeship Training (Southern Region),https://eprocure.gov.in,1
Pr. Chief Conservator of Forest and Head of Forest Force,https://assamtenders.gov.in,1
Information and Public Relations Department,https://assamtenders.gov.in,1
HP Horticultural Produce Marketing and Processing Corporation Ltd.,https://hptenders.gov.in,1
Commercial Taxes,https://etenders.kerala.gov.in,1
C - DIT,https://etenders.kerala.gov.in,1
ASSAM CANCER CARE FOUNDATION,https://assamtenders.gov.in,1
All India Council for Technical Education,https://eprocure.gov.in,1
Narendra Deva University of Agriculture and Technology,https://etender.up.nic.in,1
Lucknow City Transport Service Ltd.,https://etender.up.nic.in,1
Kisan Sahkari Chini Mills Ltd. Powayan (Shahjahanpur),https://etender.up.nic.in,1
Directorate of School Education,https://pudutenders.gov.in,1
Agartala Smart City Ltd. (Urban Development Dept),https://tripuratenders.gov.in,1
GM (The Bazpur Co-operative Sugar Factory Ltd.),https://uktenders.gov.in,1
Maharashtra Prison Department Pune,https://mahatenders.gov.in,1
Pt. Khushilal Sharma Government (Autonomous) Ayurveda College and Institute,https://mptenders.gov.in,1
Directorate of Geology and Mining,https://mptenders.gov.in,1
Central Soil and Materials Research Station,https://eprocure.gov.in,1
Secretary (Uttarakhand Organic Commodity Board Dehradun),https://uktenders.gov.in,1
Municipal Commissioner Nagar Nigam Haridwar,https://uktenders.gov.in,1
Vardhaman Mahaveer Open University-Kota,https://eproc.rajasthan.gov.in,1
Raj. Urban Infrastructure Development Project,https://eproc.rajasthan.gov.in,1
Directorate of Treasuries and Accounts,https://eproc.rajasthan.gov.in,1
National Health Authority,https://eprocure.gov.in,1
Directorate of Primary Education Pune,https://mahatenders.gov.in,1
UNIVERSITY OF CALCUTTA,https://wbtenders.gov.in,1
Kerala State Bharat Scouts and Guides,https://etenders.kerala.gov.in,1
Kerala Rural Water Supply and Sanitation Agency,https://etenders.kerala.gov.in,1
District Nirmithikendra Kasaragod,https://etenders.kerala.gov.in,1
Directorate Of Social Welfare,https://eprocure.andaman.gov.in,1
Allahabad State University Allahabad,https://etender.up.nic.in,1
Executive Officer Nagar Panchayat Nandprayag (Chamoli),https://uktenders.gov.in,1
CMO Chamoli (Gopeshwar),https://uktenders.gov.in,1
DISTRICT COLLECTOR JAISALMER,https://eproc.rajasthan.gov.in,1
Vasantrao Naik Marathwada Agricultural University Parbhani,https://mahatenders.gov.in,1
All India Institute of Speech and Hearing,https://eprocure.gov.in,1
Department of Labour and Welfare,https://assamtenders.gov.in,1
Department of Education,https://govtprocurement.delhi.gov.in,1
"Technical Education Rajasthan, Jodhpur",https://eproc.rajasthan.gov.in,1
The Kerala Land Development Corporation Ltd,https://etenders.kerala.gov.in,1
Board of Revenue Rajasthan,https://eproc.rajasthan.gov.in,1
St Josephs College Irinjalakkuda,https://etenders.kerala.gov.in,1
VMMC and Safdarjung Hospital,https://eprocure.gov.in,1
WEST BENGAL POLLUTION CONTROL BOARD,https://wbtenders.gov.in,1
UTTAR BANGA KRISHI VISWAVIDYALAYA,https://wbtenders.gov.in,1
Lok Sabha Secretariat,https://eprocure.gov.in,1
JKBOSE,https://jktenders.gov.in,1
COLLECTOR RATNAGIRI,https://mahatenders.gov.in,1
COLLECTOR JALGAON,https://mahatenders.gov.in,1
Kannur University,https://etenders.kerala.gov.in,1
DISTRICT MAGISTRATE NORTH 24 PARGANAS,https://wbtenders.gov.in,1
Directorate of Treasuries,https://etenders.kerala.gov.in,1
Director Horticulture and Soil Conservation,https://tripuratenders.gov.in,1
SRINIKETAN SANTINIKETAN DEVELOPMENT AUTHORITY,https://wbtenders.gov.in,1
Department of Finance,https://eproc.punjab.gov.in,1
Co-Operative Academy of Professional Education,https://etenders.kerala.gov.in,1
Hindustan Salts Limited,https://eprocure.gov.in,1
Kerala State Coir Corporation Ltd.,https://etenders.kerala.gov.in,1
District Nirmithi Kendra Malappuram,https://etenders.kerala.gov.in,1
Registrar of Cooperative Societies,https://tripuratenders.gov.in,1
Directorate of Food Civil Supplies and CA,https://tripuratenders.gov.in,1
Sree Kerala Varma College Thrissur,https://etenders.kerala.gov.in,1
WEST BENGAL MINERAL DEVELOPMENT AND TRADING CORP. LTD,https://wbtenders.gov.in,1
WBSIDCL,https://wbtenders.gov.in,1
K Karunakaran Memmorial Cooperative Spinning Mills Ltd,https://etenders.kerala.gov.in,1
Finance Department - World Bank Tenders,https://assamtenders.gov.in,1
Directorate of Agriculture and Assam Seed Corporation,https://assamtenders.gov.in,1
Rajasthan State Seeds Corp. Ltd,https://eproc.rajasthan.gov.in,1
Rajasthan State Open School -Jaipur,https://eproc.rajasthan.gov.in,1
Executive Officer Nagar Panchayat Pipalkoti (Chamoli),https://uktenders.gov.in,1
WEST BENGAL KHADI AND VILLAGE INDUSTRIES BOARD,https://wbtenders.gov.in,1
Rajmata Vijayaraje Scindia Krishi Vishwa Vidyalaya - Gwalior,https://mptenders.gov.in,1
CE Megalift Projects Bhubaneswar,https://tendersodisha.gov.in,1
Guru Ghasidas Vishwavidyalaya,https://eprocure.gov.in,1
Kerala State IT Infrastructure Ltd,https://etenders.kerala.gov.in,1
Department of Industrial Policy and Promotion,https://eprocure.gov.in,1
Kerala Rail Development Corporation Ltd.,https://etenders.kerala.gov.in,1
Delhi Police,https://eprocure.gov.in,1
India Infrastructure Finance Company Limited,https://etenders.gov.in,1
IT Dept,https://jharkhandtenders.gov.in,1
DEPARTMENT OF PASCHIMANCHAL UNNAYAN AFFAIRS,https://wbtenders.gov.in,1
BENFED - THE WEST BENGAL STATE CO-OPERATIVE MARKETING FEDERATION LIMITED,https://wbtenders.gov.in,1
Uttar Pradesh Education For All Project Board,https://etender.up.nic.in,1
U.P. Building and Other Construction Workers Welfare Board,https://etender.up.nic.in,1
Shri Kashi Vishwanath Special Area Development Board,https://etender.up.nic.in,1
Sarjoo Sahkari Chini Mills Limited,https://etender.up.nic.in,1
